1,아버지
2,아버지
3,쌔싹; 청춘
4,열매
5,아박다
6,멸망하다; 죽다; 사라지다; 소멸하다; 잃다
7,멸망하다; 죽이다.
8,멸망; 죽음; 소멸
9,잃은 것; 유실물
10,멸망
11,멸망; 멸망의 장소
12,살해; 파멸
13,멸망; 죽음
14,원하다; 기꺼이 ~하다
15,열망; 욕망
16,빠름; 신속
17,근심
18,구유; 여물통
19,검의 '위협; 휘두름'
20,수박
21,아비
22,아비엘
23,아비아삽
24,곡식의 이삭
25,아비 기브온
26,아비가일
27,아비단
28,아비다
29,아비야
30,아비후
31,아비훗
32,아비하일
33,아비에셀
34,궁핍한 자; 가난한 자.
35,욕망
36,아비둡
37,아비달
38,아비얌
39,아비마엘
40,아비멜렉
41,아비나답
42,아비노암
43,에비아삽
44,아비에셀
45,아비알본
46,강한 자; 전능자
47,강한; 용감한; 말; 황소
48,아비람
49,아비삭
50,아비수아
51,아비술
52,아비새
53,압살롬; 아비살롬
54,아비아달(인명)
55,휘말아 올리다
56,슬퍼하다
57,슬퍼하는; 애도하는 자
58,풀밭; 목초지
59,아벨
60,슬퍼함; 애도
61,확실히; 참으로; 그러나
62,아벨벳마가
63,아벨싯딤
64,아벨그라밈
65,아벨므홀라
66,아벨마임
67,아벨미스라임
68,돌
69,돌
70,원반; 녹로; 걸상
71,아바나
72,에벤에셀
73,띠; 허리띠
74,아브넬
75,먹이다; 살찌우다
76,물집; 종기
77,에베스
78,입산
79,씨름하다
80,먼지
81,가루; 분말
82,날아 오르다
83,깃털; 날개
84,깃털; 날개
85,아브라함
86,무릎을 꿇다; 엎드리다
87,아브람
88,오봇
89,아게
90,아각
91,아각 사람
92,띠; 무리; 묶음
93,견과; 호도
94,아굴
95,지불(액)
96,방울
97,에글라임
98,거친 못; 늪
99,슬픈
100,골풀; 갈대
101,사발; 물그릇; 큰 잔
102,떼; 무리; 군대
103,모으다; 거두어 들이다
104,서신; 편지
105,그릇; 대야; 광주리
106,주먹
107,편지
108,안개; 수증기; 샘물등
109,슬프게 하다
110,앗브엘
111,아닷
112,잇도
113,주; 주님; 주인; 소유주
114,앗돈
115,아도라임
116,그때; 그래서; 그래서 곧
117,큰; 위대한; 위엄 있는; 장엄한
118,아달리야
119,붉다
120,아담; 인류; 인간
121,사람
122,붉은; 불그스레한
123,에돔
124,붉은 색의 보석; 홍옥
125,붉은; 불그스름한
126,아드마
127,땅; 육지; 토지; 흙
128,아다마
129,아다미네겝
130,에돔 사람(족속)
131,아둠밈
132,붉은; 불그레한
133,아드마다
134,기초; 받침; 주춧대
135,앗단
136,나의 주
137,아도니베섹
138,아도니야
139,아도니세덱
140,아도니감
141,아도니람
142,장엄하다; 영광스럽다
143,아달(달 이름)
144,아달(달 이름)
145,영광; 장엄; 겉옷
146,앗달
147,타작마당
148,고문; 상담역
149,진지하게; 열심히
150,다릭(옛 페르시아 금화).
151,아도람
152,아드람멜렉
153,팔; 능력
154,에드레이
155,외투; 장엄; 장려
156,타작하다
157,사랑하다
158,사랑; 연애
159,사랑
160,사랑
161,오핫
162,아아; 오호라
163,아하와
164,에훗
165,어디; 어디에
166,깨끗하다; 빛나다.
167,천막을 치다; 천막을 옮기다
168,천막; 거처
169,오헬
170,오홀라
171,오홀리압
172,오홀리바
173,오홀리바
174,침향
175,아론
176,혹은; ~인지 어떤지; ~이면' 등
177,우엘
178,망령; 강신술사; 가죽 부대나 풀무
179,오빌
180,시내; 강
181,불타는 나무조각; 관솔; 횃불
182,이유; ~때문에; ~에 대하여
183,바라다; 소원하다; 열망하다
184,표시하다
185,욕구; 욕망; 의향
186,우새
187,우살
188,화로다; 아아 슬프다; 오오
189,에위
190,화로다
191,어리석은
192,에윌므로닥
193,몸; 배; 지도자
194,만일 ~아니라면; 아마; 혹시
195,을래
196,어리석은
197,현관; 현관홀
198,울람
199,그러나; 그러나 참으로
200,어리석음
201,오말
202,활력; 정력; 재산; 부
203,온
204,온
205,헛됨; 거짓; 사악; 불행; 고통
206,아웬
207,오노
208,오남(명남)은 온(
209,오난
210,우바스
211,오빌
212,바퀴; 수레바퀴
213,재촉하다; 서두르다; 좁다
214,보물; 보고; 곳간; 창고
215,빛나다; 비추다; 밝게 하다; 빛을 주다
216,빛
217,불꽃; 화염
218,우르
219,빛
220,구유; 마굿간
221,우리
222,우리엘
223,우리아
224,우림
225,동의하다; 찬성하다
226,표시; 표징; 징조; 표적
227,그때에; 그 후에
228,뜨겁다
229,에스배
230,가버리다; 떠나다
231,우슬초
232,허리에 두르는 천이나 허리띠
233,그때에
234,기념 부분
235,가버리다; 돌아다니다; 고갈되다
236,가다; 떠나다; 여행하다
237,에셀
238,듣다
239,조사하다; 입증하다; 심사숙고하다
240,도구; 연장
241,귀
242,우센세에라
243,아스놋다볼
244,오스니
245,아사냐
246,수갑; 속박
247,허리를 졸라매다; 띠 띠다
248,팔
249,원주민
250,에스라 사람
251,형제
252,형제
253,아!
254,화로
255,재칼
256,아합
257,아반
258,연합하다; 함께 모이다
259,하나
260,갈대
261,에훗
262,선언; 선포
263,선언; 해석
264,형제 관계; 형제애
265,아호아
266,아호아 사람
267,아후매
268,뒤쪽으로; 뒤에
269,누이; 자매
270,붙잡다; 취하다; 연합하다
271,아하스
272,소유
273,아흐새
274,아하시야
275,아훗삼
276,아훗삿
277,아히
278,에히
279,아히암
280,수수께끼
281,아히야
282,아히훗
283,아효
284,아히훗
285,아히둡
286,아힐룻
287,아히못
288,아히멜렉
289,아히만
290,아히마아스
291,아히안
292,아히나답
293,아히노암
294,아히사막
295,아히에셀
296,아히감
297,아히람
298,아히람의 후손
299,아히라
300,아히사할
301,아히살
302,아히도벨
303,알랍
304,알래
305,오 ~면 좋을텐데
306,자수정
307,악메다
308,아하스배
309,지체하다; 지연하다; 머무르다.
310,뒤에; 후에; 다음에
311,뒤에; 후에
312,다른; 또 다른; 다음의
313,아헬
314,뒤의; 후의; 후에; 마지막에
315,아하라
316,아하헬
317,다른
318,마지막의; 최후의
319,마지막 부분; 끝; 결말; 마지막 때; 미래
320,마지막; 끝
321,다른; 또 다른
322,뒤로; 뒤를 향해
323,총독; 태수
324,태수; 총독
325,아하수에로
326,하아하스다리
327,왕의
328,유순히 감; 천천히 흐름; 부드럽게; 천천히
329,가시 나무
330,실; 방적사
331,닫다; 막다
332,닫다
333,아델
334,닫은; 묶인; 속박된
335,어디에
336,아니
337,아; 화로다.
338,재칼
339,거주지; 해안; 섬
340,원수가 되다
341,적; 원수
342,증오; 적의; 적대
343,재앙; 재난
344,독수리; 솔개
345,아야
346,어디에
347,욥
348,이세벨
349,에카; 에카카
350,이가봇
351,어떻게?; 어디?
352,수양; 기둥; 지도자; 테레빈 나무
353,힘; 도움
354,사슴
355,암 사슴
356,엘론
357,아얄론
358,헬론벧하난
359,엘랏
360,힘
361,현관; 입구
362,엘림
363,나무
364,엘바란
365,암 사슴
366,무서운; 두려운
367,무서움; 두려움
368,엠족속
369,없다.
370,어디서?
371,아니
372,이에셀
373,이에셀의 후손들
374,에바
375,어디에? 어떤 종류?
376,사람
377,남자처럼 행동하다
378,이스보셋
379,이스홋
380,눈동자
381,용사
382,돕 사람
383,~있다; ~이다; 거기 있다.
384,이디엘
385,이다말
386,항상 흐르는; 영원한; 견고한
387,에단
388,에다님 월
389,확실히; 오직; 그러나; 바로 지금
390,악갓
391,거짓의; 속이는
392,악십
393,잔인한; 포악한
394,잔인한
395,잔인함
396,먹을 것; 음식
397,아기스
398,먹다; 삼키다
399,먹다; 삼키다; 중상하다
400,음식물; 양식
401,우갈
402,음식물; 태우는 것
403,진실로; 실로; 참으로
404,재촉하다; 강요하다
405,압력; 압박
406,농부
407,악삽
408,아니; 아니다
409,아니; 아니다
410,하나님; 신
411,이것들
412,이것들
413,~에; ~쪽에; ~안으로; ~옆에; 대하여; 관하여
414,엘라
415,이스라엘의 전능하신 하나님
416,엘벧엘
417,싸락눈; 우박
418,백단목
419,엘닷
420,엘다아
421,울부짖다; 슬퍼하다
422,맹세하다; 저주하다
423,맹세; 저주; 저주거리
424,테레빈 나무
425,엘라
426,하나님; 신
427,상수리 나무
428,이것들
429,이것들
430,하나님; 신들
431,보라
432,만일 ~이면; 비록 ~일지라도
433,하나님
434,헛된; 무익한
435,엘룰
436,상수리 나무
437,상수리 나무
438,알론
439,알론밧굿
440,엘론의 후손들
441,유순한; 족장; 두목
442,알루스
443,엘사밧
444,타락하다
445,엘하난
446,엘리압
447,엘리엘
448,엘리아다
449,엘리닷
450,엘리아다
451,살찐 꼬리
452,엘리아
453,엘리후
454,엘료에내
455,엘리아바
456,엘리호렙
457,헛된; 우상
458,엘리멜렉
459,이것들
460,엘리아삽
461,엘리에셀
462,엘리에내
463,엘리암
464,엘리바스
465,엘리발
466,엘리블레후
467,엘리벨렛
468,엘리술
469,엘사반
470,엘리가
471,엘리야김
472,엘리세바
473,엘리사
474,엘리수아
475,엘리아십
476,엘리사마
477,엘리사
478,엘리사밧
479,이것들
480,화로다; 아 슬프다
481,묶다; 벙어리가 되다; 잠잠하다
482,침묵
483,말 못하는; 벙어리의
484,백단목들
485,단; 묶음
486,알모닷
487,알람멜렉
488,과부로 버려진
489,과부신세
490,과부
491,과부 신세
492,어떤 사람
493,엘라암
494,엘라단
495,엘라살
496,엘르앗
497,엘르아다
498,엘루새
499,엘르아살
500,엘르알레
501,엘르아사
502,배우다; 가르치다
503,수천으로 생산하다
504,소; 수소; 암소
505,천
506,천
507,엘렙
508,엘바알
509,재촉하다
510,군대
511,엘가나
512,엘고스
513,엘돌랏
514,엘드게
515,엘드곤
516,알다스헷
517,어머니
518,만일 ~이면; ~인지 아닌지; ~일 때; ~이므로
519,하녀; 여자 노예
520,규빗
521,규빗
522,암마
523,종족; 민족; 백성
524,민족; 백성
525,숙련공; 장인
526,아몬
527,숙련공
528,아몬
529,신실함; 충실함
530,신실함; 진실함; 성실함
531,아모스
532,아미
533,강한; 견고한
534,꼭대기; 정상
535,기운이 없어지다; 다 써 버리다.
536,약한; 쇠약한
537,약한
538,아맘
539,확실하게 하다; 지지하다; 충실하다; 믿다
540,신뢰하다; 믿다
541,오른쪽으로 가다
542,숙련공; 장인
543,진실로; 확실히; 그러하다
544,신실함; 진실함
545,양육; 부양
546,참으로; 실제로
547,기둥
548,확고한 언약; 정해진 양식
549,아마나
550,암논
551,참으로; 진실로
552,진실로; 확실히
553,강하다; 담대하다; 경계하다
554,강한
555,힘
556,힘
557,암시
558,아마샤
559,말하다
560,말하다; 이야기하다; 명령하다
561,발언; 말; 이야기
562,말; 연설; 약속
563,어린양
564,임멜
565,말; 발언; 연설
566,이므리
567,아모리 족속
568,아마랴
569,아므라벨
570,어제
571,신실; 성실; 확실함; 진리
572,자루; 부대
573,아밋대
574,무서운; 두려운; 강력한
575,어디에?; 어디로?
576,나
577,아아; 아 이제; 내가 당신께 구한다
578,슬퍼하다; 한탄하다
579,만나다; 미치다; 기회를 찾다
580,우리
581,그들은
582,인간; 인류
583,에노스
584,신음하다; 한탄하다
585,신음; 한탄
586,아나흐나
587,우리
588,아나하랏
589,나
590,배
591,배
592,슬픔; 비탄; 애도
593,아니암
594,다림줄
595,나
596,불평하다
597,강제하다; 강요하다
598,압박하다; 억압하다
599,화내다; 노하다
600,얼굴
601,외가리
602,울부짖다; 신음하다; 외치다
603,신음; 울부짖음
604,도마뱀불이
605,병들다
606,사람; 인류
607,당신
608,너희들
609,아사
610,작은 기름 항아리
611,해; 재해
612,띠; 속박
613,결박; 투옥
614,거둬 들임; 수확
615,노예; 죄수; 포로
616,죄수; 포로
617,앗실
618,창고
619,아스나
620,오스납발
621,아스낫
622,모으다; 제거하다; 거두어 들이다
623,아삽
624,저장; 비축
625,거두어들임; 수확
626,모임
627,모임; 집회
628,뒤섞인 무리
629,완전히; 철저히; 부지런히
630,아스바다
631,매다; 결박하다; 감금하다
632,잇사르
633,금지; 금령
634,에살핫돈
635,에스더
636,나무; 목재
637,또한; 뿐만 아니라
638,역시; 또한
639,코
640,(에봇)을 입다; 매다
641,에봇
642,에봇을; 올린
643,궁전
644,굽다
645,그러면; 그렇게; 그러므로; 어디에
646,에봇
647,아비아
648,늦은; 느린 성장의
649,압바임
650,수로; 통로
651,어두운; 캄캄한
652,어둠; 흑암
653,어두움; 흑암; 재앙
654,에블랄
655,환경; 조건
656,그치다; 끝나다
657,끝; 아무것도 아님(없음)
658,에베스담밈
659,무가치 함
660,독사
661,둘러싸다; 포위하다
662,붙잡다; 자신을 굳게 지키다
663,아벡
664,아베가
665,재
666,덮개; 수건
667,(새의) 새끼
668,들 것; 일인승 가마
669,에브라임
670,아바새 사람
671,아바삿 사람
672,에브랏
673,에브라임 사람(족속)
674,수익; 수입
675,에스본
676,손가락; 발가락
677,손이나 발가락
678,우두머리; 모퉁이
679,결합; 이음매
680,따로 두다; 말리다; 좁아지다
681,옆에; 곁에; 가까이에
682,아셀
683,아살리야
684,오셈
685,팔찌; 발목사슬
686,쌓아두다; 저장하다
687,에셀
688,불꽃을 튀김; 불같이 타오르는 빛
689,야생 염소
690,아라
691,영웅; 용사
692,아렐리
693,숨어서 기다리다; 매복하다
694,아랍
695,엎드려 기다림
696,잠복; 매복
697,메뚜기의 일종
698,책략; 술책
699,창; 창문; 굴뚝; 수문
700,아룹봇
701,아랍 사람
702,4; 넷
703,4; 넷
704,아르바
705,40; 사십
706,사배
707,짜다; 뜨다
708,직기
709,아르곱
710,자주색
711,자주색; 붉은 자주빛
712,상자; 궤
713,자주색; 자주빛
714,아릇
715,아르돈
716,아릇 가족
717,뜯다; 따다; 모으다
718,보라
719,아르왓
720,아롯
721,아르왓 족속
722,아로디
723,구유; 마구간
724,치료; 회복; 복원
725,아루마
726,에돔 사람
727,궤; 상자; 관
728,아라우나
729,견고하다; 단단하다
730,삼나무; 백향목
731,백향목; 목조부
732,방랑하다; 여행하다; 가다
733,아라
734,길; 통로; 작은 길
735,길; 생의 진로
736,여행자들의 일단
737,음식의 정량; 양식
738,사자
739,아리엘
740,아리엘
741,아리엘
742,아리대
743,아리다다
744,사자
745,아리에
746,아리옥
747,아리새
748,길다
749,적당한; 어울리는
750,긴
751,에렉
752,긴
753,길이
754,길게함; 늘임
755,무릎
756,아렉 사람
757,아렉 사람
758,아람
759,위병소; 궁전; 성체
760,아람소바
761,아람 사람
762,아람어
763,메소보다미아
764,알모니
765,아란
766,전나무; 백향목
767,오렌
768,토끼
769,아르논
770,아르난
771,오르난
772,땅; 세계
773,밑바닥
774,아르밧
775,아르박삿
776,땅; 지구; 대지; 육지; 영토
777,아르사
778,땅; 지구
779,저주하다
780,아라랏
781,약혼하다
782,욕망; 요구
783,아닥사스다
784,불
785,불; 화염
786,있다
787,기초; 토대
788,아스벨
789,아스벨 가족
790,에스반
791,아스베야
792,에스바알
793,밑바닥; 경사면; 비탈
794,(산) 비탈
795,아스돗
796,아스돗 사람
797,아스돗 언어
798,비스가 산록
799,율법의 불
800,불
801,화제
802,여자; 부인; 여성
803,부벽; 버팀벽
804,앗수르
805,앗수르 족속
806,아스훌
807,아쉬마(명남)는 외국어에서 유래했으며; '하늘'을 의미한다.
808,건포도 빵(떡)
809,건포도 빵(떡)
810,고환
811,송이
812,에스골
813,아스그나스
814,선물
815,에셀 나무
816,죄를 범하다; 죄가 있다; 유죄로 판결되다; 형벌을 당하다.
817,위반; 죄; 범죄; 침해; 유죄; 배상; 속건제
818,죄 있는
819,잘못행함; 죄를 범함; 속건제를 가져옴
820,강장한(원기 왕성한) 자
821,아쉬모레트
822,격자창
823,아스나
824,에산
825,마법사
826,마법사
827,화살통
828,아스부나스
829,고기 한 조각
830,쓰레기더미; 거름더미
831,아스글론
832,아스글론 사람
833,똑바로 가다; 나아가다; 성공(형통)하다; 축복하다
834,[관계사]
835,행복; 복; 지복
836,아셀
837,기쁨; 행복
838,걸음; 보행
839,회양목
840,아살엘
841,아사렐라
842,아세라
843,아셀 사람
844,아스리엘
845,아스리엘 자손
846,벽
847,에스다올
848,에스다올
849,반항; 반역
850,에스돈
851,에스드모아
852,표시; 이적적 표적; 기사
853,[목적격 전치사]
854,~와 함께
855,보습
856,엣바알
857,오다; 가져오다
858,오다; 가져오다
859,당신; 그대
860,암나귀
861,풀무
862,회랑
863,잇대
864,에담
865,어제; 최근에; 전에
866,보수; 보답
867,에드니
868,매춘부의 보수
869,에드난
870,장소; 후에
871,아다림
872,입구; 출입구
873,나쁜; 악한
874,선언하다; 분명하게 하다
875,우물; 구덩이
876,브엘
877,수조; 구덩이; 우물
878,브에라
879,브엘엘림
880,브에라
881,브에롯
882,브에리
883,브엘라해로이
884,브엘세바
885,브에롯브네야아간
886,브에롯 사람
887,나쁜 냄새가 나다; 악취를 풍기다
888,악하다; 불쾌하다
889,악취; 고약한 냄새
890,악취가 나거나 유독한 잡초
891,들포도
892,눈동자
893,베배
894,바벨론
895,바벨론
896,바벨론 사람(들)
897,약탈물
898,불성실하게 (배반으로; 속임으로; 거짓으로) 대하거나 행하다
899,배반; 반역; 의복; 덮개
900,배반하는; 속이는; 불성실한
901,배반한; 반역한
902,비그왜
903,빅다
904,빅단
905,분리; 부분; 홀로; ~외에
906,흰 세마포
907,거짓말; 공허하거나 헛된 말
908,궁리하다; 고안하다
909,홀로되다; 외롭다; 고립되다
910,홀로; 외로히; 쓸쓸한
911,브닷
912,베드야
913,합금; 혼합물; 주석; 다림풀(추)
914,나누다; 분리하다
915,조각; 부분
916,베델리엄
917,베단
918,수선하다; 고치다
919,터진 자리; 갈라진 틈
920,빗갈
921,흩뿌리다
922,공허; 텅빔
923,반암
924,서두름
925,밝은; 밝게 빛나는
926,놀래다; 당황하다; 무서워하다; 서두르다; 급하다
927,무섭게 하다; 불안하게 하다
928,갑작스러운 공포(두려움)
929,(네발가진) 짐승; 야수; 가축
930,하마
931,엄지손가락; 엄지발가락
932,보한
933,얼룩점
934,피부의 '점; 흰점'
935,들어오(가)다; 가다; 오다
936,멸시하다; 모욕하다
937,경멸; 모욕; 수치
938,부스
939,멸시 받음; 모욕
940,부스 사람
941,부시
942,바왜
943,당황하다; 혼란하다
944,생산물; 자라나는 것
945,불월; 팔월;
946,브나
947,(발로) 밟다; 유린하다
948,옛 삼베
949,보세스
950,공허; 텅빔
951,목자
952,탐구하다; 입증하다
953,수조; 구덩이; 우물
954,부끄러워 하다
955,수치
956,밤을 보내다
957,포획; 약탈; 약탈품; 노략물
958,나누다; 완전히 잘라버리다
959,경멸(멸시)하다; 업신여기다
960,멸시 받는; 경멸 당하는
961,약탈; 약탈물; 노략물
962,약탈하다; 노략질 하다
963,멸시; 경멸; 모욕
964,비스요댜
965,번개; 번쩍이는 섬광
966,베섹
967,흩뿌리다; 흩어 버리다
968,비스다
969,시험자; 분석자
970,젊은이; 청년
971,망대
972,택한; 선택한
973,혐오하다; 탐욕스럽다
974,검사하다; 시험하다; 입증하다
975,망루(대); 감시탑
976,시험; 입증
977,선택하다; 결정(결심)하다
978,바하룸 사람
979,청년들; 젊은이들
980,바후림
981,경솔하게 말하다; 생각 없이 말하다
982,믿다; 신뢰하다; 의지하다; 안심하다; 안전하다
983,안전; 안심; 염려 없는
984,베다
985,신뢰
986,신뢰; 소망
987,안전
988,그만두다; 그치다
989,그만두다; 그치다
990,몸; 배; 자궁
991,베덴
992,피스타치오 호두
993,브도님
994,제발; 부디; 청컨대
995,식별하다; 분별하다; 지각하다; 이해하다
996,사이; 간격; ~사이에
997,~사이에
998,이해; 이해력; 통찰력
999,이해력
1000,알; 달걀
1001,성채; 궁전; 왕궁
1002,성; 성채; 궁전
1003,성; 성채; 요새
1004,집; 가정
1005,집
1006,바잇
1007,벧아웬
1008,벧엘
1009,벧아벨
1010,벧바알므온
1011,벧비리
1012,벧바라
1013,벧가델
1014,벧가물
1015,벧디불라다임
1016,벧다곤
1017,벧엘 사람
1018,벧에셀
1019,벧길갈
1020,벧여시못
1021,벧학게렘
1022,베들레헴 사람(주민)
1023,벧 메르학
1024,벧 말가봇
1025,벧에멕
1026,벧 아라바
1027,벧 하람
1028,벧하란
1029,벧싯다
1030,벧세메스 사람
1031,벧 호글라
1032,벧 호론
1033,벧갈
1034,벧 르바옷
1035,베들레헴
1036,베들레아브라
1037,베트밀로
1038,벧마아가
1039,벧니므라
1040,벧에덴
1041,벧아스마
1042,벧 아놋
1043,벧 아낫
1044,양털깍는 집
1045,아스다롯의 집
1046,벧벨렛
1047,벧브올
1048,벧 바세스
1049,벳술
1050,베드르홉
1051,베드라바
1052,벧스안
1053,벧세메스
1054,벧 답부아
1055,집; 궁전
1056,바가
1057,발삼나무
1058,울다; 비탄(애통)하다;
1059,울음
1060,처음 난 자; 초태생
1061,첫 열매; 처음 익은 것
1062,처음 낳은 것; 장자권
1063,처음 익은 열매(무화과)
1064,베고랏
1065,울음
1066,보김
1067,장녀; 큰 딸
1068,울음; 비탄; 애도
1069,처음에 태어나다
1070,어린 암약대
1071,베겔
1072,어린 암약대
1073,처음 익은 열매(무화과)
1074,보그루
1075,비그리
1076,베겔
1077,아무것도 ~않다; 아니
1078,벨
1079,마음
1080,괴롭히다
1081,발라단
1082,유쾌하게 하다; 파열시키다
1083,빌가
1084,빌개
1085,빌닷
1086,늙다; 닳아 (써서) 해어지다; 쇠약해지다
1087,해어진; 낡은
1088,발라
1089,괴롭히다; 성가시게 하다
1090,빌하
1091,공포; 파멸; 재난
1092,빌한
1093,세금; 공물
1094,낡은 것; 해진 것
1095,베드사살
1096,벨드사살
1097,닳아 떨어짐; 다 없어짐; 소멸
1098,꼴; 사료
1099,아무것도 없음
1100,무가치함; 무익함; 파멸
1101,섞다; 혼합하다; 혼돈하다
1102,재갈을 물리다; 억제하다
1103,무화과 열매를 거두다
1104,삼키다; 들이키다
1105,삼킴; 삼킨 것
1106,벨라
1107,~외에; ~없이; ~을 제외하고
1108,벨라 가족
1109,발람
1110,황폐하게 하다; 헛되게 하다
1111,발락
1112,벨사살
1113,벨사살
1114,빌산
1115,아니; 없이; ~을 제외하고
1116,높은 곳; 산당; 바마
1117,바마
1118,빔할
1119,~안에
1120,바못
1121,아들; 아이; 손자
1122,벤
1123,아들; 새끼
1124,세우다; 건축하다
1125,벤아비나답
1126,베노니
1127,벤게벨
1128,벤데겔
1129,세우다; 짓다; 건축하다
1130,벤하닷
1131,빈누이
1132,벤소헷
1133,벤훌
1134,벤하일
1135,벤하난
1136,벤헤셋
1137,바니
1138,분니
1139,브네 브락
1140,건물; 구조물
1141,브나야
1142,브네야 아간
1143,두 군대 사이의 공간(장소)
1144,베냐민
1145,베냐민 사람
1146,구조물; 건물
1147,건물
1148,브니누
1149,진노하다; 분노하다
1150,비느아
1151,벤암미
1152,브소드야
1153,베새
1154,덜 익은 포도; 신 포도
1155,덜 익은 포도; 신 포도
1156,구하다; 찾다
1157,~뒤에; 위하여; 주위에
1158,탐문하다; 불룩해지다; 끓어오르다
1159,간구; 요구; 기도
1160,브올
1161,공포; 놀램
1162,보아스
1163,밟다; 차다
1164,페허에서; 페허더미에서
1165,짐승; 야수
1166,결혼하다; 통치하다
1167,주인; 소유주; 남편
1168,바알(신명; 인명; 지명)
1169,주인; 주; 소유주
1170,바알브릿
1171,바알갓
1172,여주인
1173,바알라
1174,바알하몬
1175,브알롯
1176,바알세붑
1177,바알하난
1178,바알하솔
1179,바알헤르몬
1180,바알리
1181,바알레 마못
1182,브엘랴다
1183,브아랴
1184,바알레유다
1185,바알리스
1186,바알므온
1187,바알브올
1188,바알브라심
1189,바알스본
1190,바알살리사
1191,바알랏
1192,바알랏 브엘
1193,바알다말
1194,브온
1195,바아나
1196,바아나
1197,불타다; 불붙다; 소멸하다
1198,무지한; 우둔한; 짐승 같은(자)
1199,바아라
1200,불태움; 불
1201,바아사
1202,바아세야
1203,브에스드라
1204,두렵게 하다; 엄습(습격)하다
1205,두려움; 공포; 놀램
1206,진흙; 수렁
1207,늪; 습지; 수렁
1208,포도수확
1209,베새
1210,포도수확
1211,파
1212,브사렐
1213,바슬롯
1214,잘라내다; 끊다; 폭력으로 얻다
1215,폭력에 의한 취득; 불의한 이득; 이득
1216,부어 오르다; 부풀다
1217,가루반죽
1218,보스갓
1219,잘라내다; 접근하지 못하게 하다
1220,귀금속
1221,베셀
1222,귀금속
1223,울; 양우리
1224,보스라
1225,요새; 성채
1226,부족; 결핍; 가뭄
1227,박북
1228,병;
1229,박부갸
1230,박박갈
1231,북기
1232,북기야
1233,균열; 갈라진 틈
1234,쪼개다; ~을 뚫다; 부수다
1235,반 세겔
1236,평지; 평원
1237,골짜기; 평지(원)
1238,무성하다; 비우다; 공허하게 하다
1239,찾다; 구하다; 조사하다
1240,조사하다; 찾다
1241,소; 숫소
1242,새벽; 아침
1243,찾음; 구함
1244,심판; 형벌
1245,찾다; 요구하다; 원하다; 묻다
1246,요구; 요청
1247,아들
1248,아들
1249,깨끗한; 순결한
1250,알곡; 곡식
1251,들; 밭
1252,깨끗함; 청결
1253,잿물; 알카리
1254,만들다; 창조하다
1255,부로닥 발라단
1256,브라야
1257,새; 닭
1258,우박이 내리다
1259,우박
1260,베렛
1261,반점이 있는; 얼룩덜룩한
1262,먹다
1263,바룩
1264,얼룩덜룩한 옷
1265,전나무; 잣나무
1266,전나무
1267,음식; 식량
1268,베로대
1269,비르사잇
1270,철
1271,바르실래
1272,통과하다; 도망(피)하다
1273,바르훔 사람
1274,살찐
1275,베리
1276,베림
1277,살찐; 뚱뚱한
1278,창조(물); 피조물
1279,음식; 식량
1280,막대기; 빗장
1281,도망하는
1282,바리야
1283,브리아
1284,브리아
1285,언약; 계약; 협정
1286,브릿
1287,잿물; 비누
1288,무릎을 꿇다; 축복하다; 복을 주다; 찬양하다
1289,무릎을 꿇다; 축복하다; 찬양하다
1290,무릎
1291,무릎
1292,바라겔
1293,축복; 복을 주는 것
1294,브라가
1295,연못; 못
1296,베레갸
1297,오직; 그럼에도 불구하고
1298,베라
1299,번쩍이다; 번쩍 빛나다
1300,번개; 번쩍임
1301,바락
1302,바르고스
1303,가시나무; 찔레나무
1304,에메랄드; 취옥
1305,깨끗하게 하다; 선택하다
1306,비르사
1307,베롯 사람
1308,브솔
1309,소식; 기별
1310,끓이다; 삶다; 굽다
1311,끓인; 삶은; 요리된
1312,비슬람
1313,향료
1314,보셈
1315,바스맛
1316,바산
1317,부끄러움; 수치
1318,짓밟다
1319,소식을 가져오다(전하다)
1320,살; 육체
1321,살; 육
1322,부끄러움; 수치; 수치스러운 것
1323,딸
1324,밧
1325,밧
1326,파괴; 파멸
1327,절벽; 벼랑
1328,브두엘
1329,브둘
1330,처녀; 소녀
1331,처녀성
1332,비디아
1333,자르다; 베어 넘기다
1334,둘로 자르다; 분리하다
1335,부분; 조각
1336,베데르
1337,바드랍빔
1338,비드론
1339,밧세바
1340,밧수아
1341,거만한; 교만한
1342,솟아오르다; 높이다
1343,거만한; 교만한
1344,교만; 자만심
1345,그우엘
1346,솟아오름; 위엄; 교만
1347,높임; 위엄; 교만
1348,솟아오름; 위엄; 교만
1349,거만한; 교만한
1350,되 사다; 속량하다; 구속하다; 근친의 역할을 행하다
1351,더럽히다
1352,더럽힘
1353,친족; 구속
1354,등; 뒤; 성채; 눈썹
1355,등; 뒤
1356,도랑; 들보; 서까래
1357,메뚜기
1358,굴
1359,곱
1360,수조; 물웅덩이
1361,높다; 고귀하다
1362,높은; 높여진
1363,높음; 높이
1364,높은; 높아진
1365,높음; 교만
1366,경계; 영역; 지역 등
1367,경계; 영토; 가장자리
1368,강(력)한; 강(력)한 자; 용사
1369,힘; 권력; 세력; 권능
1370,힘; 권능
1371,앞부분 대머리의
1372,앞부분 대머리
1373,갑배
1374,게빔
1375,잔; 사발
1376,주인; 주
1377,왕비; 왕후
1378,수정
1379,경계를 짓다; 접경하다
1380,그발
1381,그발
1382,그발 사람
1383,가장자리; 경계
1384,곱사등이된
1385,엉긴 젖; 치즈
1386,정상; 봉우리
1387,게바
1388,기브아
1389,언덕
1390,기브아
1391,기브온
1392,싹; 눈
1393,기브온 거민
1394,기브앗
1395,기브아 사람
1396,강하다; 이기다; 우세하다; 굳게하다
1397,사람
1398,게벨
1399,사람
1400,사람
1401,강한 사람
1402,깁발
1403,가브리엘
1404,여주인; 부인
1405,깁브돈
1406,지붕; 꼭대기; 집 꼭대기(옥상)
1407,고수풀
1408,행운의 신
1409,운; 운명; 행운
1410,가드
1411,재무관
1412,굿고다
1413,꿰뚫다; 베다; 공격하다
1414,베어 넘기다
1415,둑; 제방
1416,무리; 군대
1417,베임; 절단
1418,밭고랑
1419,위대한; 큰
1420,큼; 위대
1421,욕설
1422,모욕; 조롱
1423,새끼 염소
1424,가디
1425,갓 사람
1426,갓디
1427,갓디엘
1428,제방; 둑
1429,새끼 염소
1430,쌓아 올린 것; 무덤
1431,성장하다; 크게되다; 커지다; 강해지다; 찬양하다
1432,성장하는; 커지는; 큰
1433,큼; 위대함; 대담함
1434,꼰실; 장식술; 꽃술
1435,깃델
1436,그달리야
1437,깃달디
1438,베어넘기다; 절단하다; 잘라내다
1439,기드온
1440,기돔
1441,기드오니
1442,욕하다; 모독하다
1443,벽으로 둘러 싸거나 막다; 벽을 쌓다
1444,벽
1445,게델
1446,그돌
1447,벽; 담
1448,담; 벽; 울타리
1449,그데라
1450,그데롯
1451,게델 사람
1452,그데라 사람
1453,그데로다임
1454,이; 이것
1455,치료하다; 병 고치다
1456,치유; 치료
1457,웅크리다; 엎드리다
1458,등; 뒤
1459,중앙; 가운데
1460,등; 뒤
1461,갈다; 경작하다; 농부가 되다
1462,메뚜기
1463,곡
1464,침략하다; 공격하다
1465,등; 뒷면
1466,높아짐; 오만; 교만
1467,오만; 교만
1468,지나가다; 가버리다
1469,어린 새; 새끼
1470,고산
1471,민족; 국가; 국민; 백성
1472,몸; 시체
1473,유형; 포로; 사로잡힘
1474,골란
1475,구덩이; 함정
1476,구니
1477,구니 가족
1478,숨을 거두다; 숨이 끊어지다; 죽다; 사멸하다
1479,닫다
1480,몸; 시체
1481,세 가지 의미나 세 단어로 구분함(아래)
1482,(재칼; 사자; 범등의) 새끼
1483,구르
1484,(사자; 범; 재칼의) 새끼
1485,구르바알
1486,제비; 제비 뽑기; 몫
1487,흙; 흙 덩어리
1488,풀 베기; 털 깎기; 깎아낸 털이나 풀
1489,재무관; 고지기
1490,고지기; 재무관
1491,잘라내다; 분리하다
1492,(깎아낸) 양털
1493,기손 사람
1494,털을 깎다
1495,가세스
1496,잘라냄; 절단
1497,잡아채가다; 벗기다; 강탈하다
1498,강도질; 약탈; 강탈
1499,강도질; 약탈; 강탈
1500,약탈품
1501,성숙하지 못한 메뚜기
1502,갓삼
1503,나무줄기; 줄기
1504,자르다; 분리하다; 가르다; 끊어버리다
1505,자르다; 결정하다
1506,부분; 조각
1507,게셀
1508,용모; 부분; 구역
1509,분리; 고립; 사람이 살지 않는
1510,명령; 판결
1511,기르스 사람
1512,배
1513,불타는 숯; 숯불
1514,가함
1515,가할
1516,골짜기
1517,힘줄; 근육
1518,갑자기 나타나다; 튀어나오다; 왈칵 흘러나오다
1519,갑자기 알어나다(불다)
1520,기아
1521,기혼
1522,게하시
1523,기뻐하다; 즐거워 하다
1524,기쁨; 즐거움
1525,기쁨; 즐거움; 환희
1526,길로 사람
1527,기낫
1528,석회반죽
1529,게산
1530,무더기; 파도(큰 물결); 샘
1531,사발; 주발
1532,이발사
1533,길보아
1534,수레바퀴; 회전; 선회; 회오리바람
1535,바퀴
1536,바퀴
1537,길갈
1538,두개골; 머리; 머리 수(명수)
1539,피부
1540,덮개를 벗기다; 폭로하다; 옮기다; 유형(포로)의 몸이 되다
1541,드러내다; 포로로 잡아가다
1542,길로
1543,물웅덩이; 주발; 공기
1544,우상
1545,의복
1546,유형; 유수; 유형자
1547,유수; 유형; 유형자
1548,깎다; 면도하다
1549,서판
1550,접게된; 고리
1551,갈릴리
1552,경계(선); 지방; 영토
1553,글릴롯
1554,갈림
1555,골리앗
1556,구르다; 굴리다
1557,똥; 거름
1558,설명; 이유
1559,갈랄
1560,굴림; 무거운 것; 큰 것
1561,똥; 거름
1562,길랄래
1563,휘감다; 접다
1564,형체 없는 물질; 태아
1565,거친; 불모의
1566,드러내다; 벗기다
1567,갈르엣
1568,길르앗
1569,길르앗 사람
1570,기대다; 눕다
1571,불변화사
1572,마시다; 들이키다
1573,갈대; 골풀
1574,짧은 규빗
1575,용사
1576,보상(응); 보답; 은혜
1577,가물
1578,보상; 태도
1579,김소
1580,대(우)하다; 나누어 주다; 행하다; 젖을 데다; 익다
1581,낙타
1582,그말리
1583,가말리엘
1584,끝나다; 끝마치다; 완성하다
1585,끝내다; 마치다; 완성하다
1586,고멜
1587,그마랴
1588,뜰; 정원; 동산
1589,훔치다; 도둑질하다
1590,도적
1591,도적질한 것(문건)
1592,그누밧
1593,뜰; 정원
1594,정원
1595,보고; 궤(상자)
1596,보물; 보배
1597,보고; 금고
1598,방어하다; 지키다
1599,긴느돈
1600,울다
1601,고아
1602,몹시 싫어하다; 거부하다
1603,가알
1604,몹시 싫어함; 혐오
1605,꾸짖다; 책망하다; 견책하다
1606,꾸짖음; 힐책
1607,흔들다; 진동하다; 흔들리다; 떨다
1608,가아스
1609,가담
1610,몸; 자신; 높은 곳
1611,날개
1612,포도나무
1613,나무의 일종
1614,유황
1615,석회
1616,체류자; 거류자
1617,게라
1618,습진
1619,가렙
1620,장과; 과일
1621,목
1622,기르가스 사람
1623,긁다
1624,선동하다; 싸우다; 다투다
1625,새김질
1626,한 세겔의 20분의 1
1627,목; 목구멍
1628,게룻
1629,자르다; 끊다
1630,그리심
1631,도끼
1632,큰; 격렬한
1633,남겨두다; 뼈를 부수다(꺾다)
1634,뼈
1635,뼈
1636,가미 사람
1637,타작 마당
1638,으깨지다; 분쇄되다; 꺾어지다
1639,감소하다; 제지하다; 억누르다; 회수하다; 딴 데로 돌리다
1640,휩쓸어가다
1641,끌다; 끌어당기다
1642,그랄
1643,분쇄함; 으깸
1644,쫓아내다; 내던지다; 버리다
1645,내밀고 나오는 것; 돋아나는 것
1646,추방; 탈취
1647,게르솜
1648,게르손
1649,게르손 자손
1650,그술
1651,그술 사람
1652,비가 오다
1653,비; 소나기
1654,게셈
1655,몸
1656,비가 오다
1657,고센
1658,기스바
1659,손으로 더듬다; 느끼다
1660,포도즙 틀
1661,가드
1662,가드 헤벨
1663,가드사람
1664,깃다임
1665,깃딧
1666,게델
1667,가드림몬
1668,이것
1669,약해지다; 슬퍼하다
1670,약함; 낙담; 두려움
1671,쇠약; 낙담
1672,걱정하다; 근심하다; 두려워하다
1673,도엑
1674,걱정; 근심; 염려
1675,재빠르게 날다; 휙 날아가다
1676,매; 솔개
1677,곰
1678,곰
1679,휴식; 안식; 평온
1680,미끄러지듯 움직이다
1681,수근거림; 중상; 비방; 악평
1682,벌
1683,드보라
1684,희생 제물을 바치다
1685,희생제사
1686,비둘기의 똥(?)
1687,신탁장소; 내성소
1688,드빌
1689,디블라
1690,누른 무화과 뭉치(또 케이크)
1691,디블라임
1692,달라붙다; 굳게 결합하다(밀착); 충실히 대하다; 접근하다
1693,달라붙다; 굳게 결합하다
1694,이음매; 결합; 땜질
1695,달라붙은; 굳게 결합하는
1696,말하다
1697,말; 일; 사건
1698,역병; 페스트
1699,목장
1700,이유; 소송; 방식(법)
1701,이유; 목적
1702,뗏목
1703,말
1704,디브리
1705,다브랏
1706,벌꿀
1707,(낙타의) 혹
1708,답베셋
1709,물고기
1710,물고기
1711,증가하다; 번식하다
1712,다곤
1713,바라보다; 기를 세우다(들다)
1714,군기; 기
1715,곡식
1716,한 무리로 함께 모으다
1717,가슴
1718,천천히 움직이다
1719,드단
1720,드단 족속
1721,도다님
1722,금
1723,데해 사람
1724,깜짝 놀라게 하다
1725,돌진하다; 질주하다
1726,질주; 빨리 달림; 돌진
1727,쇠약해지다
1728,어부
1729,고기잡이; 낚시질
1730,가장 사랑하는 자; 사랑; 아저씨; 삼촌
1731,단지; 솥; 바구니
1732,다윗
1733,아주머니; 숙모; 고모
1734,도도
1735,도다와후
1736,합환채
1737,도대
1738,쇠약해지다; 병들다
1739,쇠약해진; 허약한; 월경의
1740,내던지다; 씻다; 씻어 깨끗이 하다
1741,쇠약; 병
1742,허약한
1743,찧다; 두들겨 부수다
1744,후두티; 대승
1745,침묵
1746,두마
1747,침묵; 고요; 조용히 기다림
1748,침묵
1749,밀납
1750,뛰어오르다; 춤추다
1751,산산히 부서지다
1752,거주하다
1753,거주하다
1754,원; 공; 쌓은 것
1755,시대; 세대; 거주(지)
1756,돌
1757,두라
1758,(짓) 밟다; 타작하다
1759,짓밟다; (짓밟아) 부수다
1760,추적하다; 내던지다; 밀다
1761,악기
1762,떨어짐; 넘어짐
1763,두려워하다
1764,기장
1765,몰아내다; 서두르다; 서둘러 ~하다
1766,밀치다; 압박하다
1767,충분함; 족함; 넉넉함
1768,~하는; ~하는 자(것); ~때문에; ~할 때
1769,디본
1770,(고기를) 잡다; 낚다
1771,어부
1772,솔개
1773,잉크; 먹
1774,디사합
1775,디몬
1776,디모나
1777,심판하다; 다투다; 변호하다
1778,심판하다
1779,심판; 소송; 정죄; 다툼
1780,심판
1781,심판관; 재판관
1782,판사; 재판관
1783,디나
1784,디나 사람
1785,공성벽
1786,타작(때)
1787,디손
1788,영양의 일종
1789,디산
1790,억눌린; 압박받는
1791,이; 이것
1792,눌러 부수다; 뭉개다; 분쇄하다; 박멸하다; 꺾다
1793,회개하는; 먼지
1794,눌리어 뭉개지다; 부숴지다; 죄를 깊이 뉘우치다
1795,분쇄; 으깸
1796,돌진함; 분쇄함; 압도함
1797,이(것); 저(것)
1798,수양
1799,기록; 비망록
1800,낮은; 약한; 가난한
1801,껑충 뛰다; 뛰어 넘다
1802,끌어내다; (물을) 긷다
1803,쇠약한 자; 가장 가난한 자 등
1804,혼탁하게 하다; 흙탕물이 되게 하다
1805,양동이; 물통
1806,들라야
1807,들릴라
1808,가지; 큰 가지
1809,매달리다; 늘어뜨리다; 낮다; 천하다; 쇠약하다
1810,딜르안
1811,(뚝뚝 방울져; 물방울이) 떨어지다
1812,(물방울이) 떨어짐
1813,달본
1814,불타다; 불태우다; 맹렬히 추적하다
1815,타다; 태우다
1816,염증
1817,문
1818,피
1819,같다; 닮다
1820,그치다; 베어내다; 멸망하다; 파멸하다
1821,유사하다; 비슷하다; 닮다
1822,침묵하는 자; 명망된 자
1823,닮음; 같은 것(모양)
1824,침묵; 중지; 휴식
1825,닮음; 유사함
1826,침묵을 지키다; 조용(고요)하다; 잠자코 있다.
1827,침묵; 고요
1828,똥; 인분 거름
1829,딤나
1830,울다; 통곡하다
1831,즙
1832,눈물
1833,비단
1834,다메섹.
1835,단
1836,이것
1837,단나
1838,딘하바
1839,단 자손
1840,다니엘
1841,다니엘
1842,다냐안
1843,지식; 의견
1844,지식
1845,드우엘
1846,꺼지다; 소멸하다; 바싹 마르다
1847,지식; 이해
1848,파멸; 과실; 결정
1849,두드리다; 몰아대다
1850,돕가
1851,가는; 여윈; 낮은; 고운; 미세한
1852,고운 천; 휘장
1853,디글라
1854,부수다; 분쇄하다; 가루를 만들다; 타작하다
1855,산산이 부수다(깨뜨리다)
1856,꿰뚫다; 꿰찌르다; 관통하다
1857,데겔
1858,진주나 진주 모
1859,세대; 시대
1860,몹시 싫은 것; 혐오
1861,(몰이) 막대기
1862,다르다
1863,엉겅퀴
1864,남쪽
1865,해방; 자유
1866,제비
1867,다리오
1868,다리오
1869,밟다; 행진하다; 나아가다; 인도하다
1870,길; 도로; 여행; 태도; 방식
1871,다릭 금화
1872,팔
1873,다라
1874,다르곤
1875,자주가다; 찾다; 구하다; 문의하다; 노력하다
1876,싹트다; 푸른 싹이 나다
1877,어리고 연한 풀; 새로 돋은 풀
1878,살찌다; 기름지다
1879,살찐; 기름진
1880,살찜; 기름짐; 기름기 많은 재
1881,법령; 포고; 법; 규정; 관례
1882,법령; 율법
1883,풀; 목초
1884,재판관; 판사
1885,다단
1886,도단
1887,보라!; 자!
1888,보라; 자
1889,아(하)!
1890,선물; 제물
1891,헛되이(허무하게) 행하다; 헛되이 되다
1892,증기; 숨; 헛됨
1893,아벨
1894,흑단
1895,나누다; 분할하다
1896,헤게
1897,신음하다; 슬퍼하다; 으르렁거리다; 묵상(명상)하다; 깊이 생각하다
1898,옮기다; 제거하다
1899,우르렁 거리는 소리; 탄식
1900,묵상; 명상
1901,묵상; 탄식
1902,음악소리; 묵상; 음모
1903,적당한; 적합한
1904,하갈
1905,하갈 사람
1906,외침; 환호
1907,조언자; 고문
1908,하닷
1909,하닷에셀
1910,하다드림몬
1911,(손을) 뻗다; 내밀다
1912,인도
1913,하도람
1914,힛대
1915,짓밟다
1916,발판
1917,조각; 부분
1918,화석류; 도금양
1919,하닷사
1920,밀치다; 쫓아내다; 몰아내다
1921,부풀어 (솟아) 오르다; 꾸미다; 존경하다
1922,존경하다; 영광을 돌리다 찬양하다
1923,영예; 위엄
1924,하달
1925,빛남; 영예; 영광
1926,장식; 광체; 장려; 위엄
1927,장식; 영광
1928,하닷에셀
1929,아아!
1930,오!
1931,그; 그 여자; 그것
1932,그; 그녀; 그것
1933,떨어지다; 내리다
1934,~이 되다; 일어나다; 발생하다; ~이다
1935,빛남; 광채; 장려; 위엄; 영광; 영예
1936,훗
1937,호드야
1938,호다위야
1939,호다위야
1940,호디야
1941,호디야
1942,욕망; 깊은 구렁; 멸망시키는 것
1943,불행; 재난
1944,호함
1945,아!; 슬프다!; 오!; 화로다!
1946,가다; 걷다
1947,미침; 미친 것; 광기
1948,미침; 광기
1949,큰소리 지르다; 당황하게 하다
1950,호맘
1951,쉽다
1952,재물; 충분; 족함
1953,호사마
1954,호세아
1955,호세아
1956,호딜
1957,꿈꾸다; 잠꼬대하다
1958,비탄; 애가; 통곡
1959,외침; 환호; 함성
1960,찬송; 찬양의 노래
1961,~이 일어나다; ~이 되다; ~이다
1962,재난; 파멸
1963,어떻게?
1964,궁전; 성전
1965,궁전; 신전; 성전
1966,계명성
1967,헤맘
1968,헤만
1969,힌(액체측정단위)
1970,학대하다
1971,표정; 모습
1972,멀리 떼어놓다(옮겨놓다)
1973,저쪽(편)에; 더 앞에; 후에; 앞으로
1974,환희; 찬양
1975,이것; 저것
1976,이것
1977,이것
1978,걸음; 발자국(취)
1979,행함; 여행자들
1980,가다; 오다; 걷다
1981,가다; 오다; 행하다
1982,여행(자); 흐름
1983,통행세
1984,밝게 비추다; 자랑하다; 찬양하다; 미치다
1985,힐렐
1986,치다; 쳐부수다; 망치로 치다; 때려눕히다
1987,헬렘
1988,여기에; 이리로
1989,망치; 메
1990,함
1991,부; 재물
1992,그들; 그것들
1993,중얼거리다; 투덜거리다; 으르렁거리다; 외치다; 떠들썩하다
1994,그들; 그것들
1995,소리; 외침; 소동; 혼란; 군중; 풍부
1996,하몬 곡
1997,하모나
1998,소리; 음악
1999,떠들썩한 소리; 고함소리
2000,요란하게 움직이다; 혼란시키다; 패주시키다; 멸망시키다
2001,하만
2002,사슬; 목걸이
2003,잘라낸 곁가지; 잔가지; 관목 숲
2004,그들은
2005,자!; 보라!
2006,만약 ~라면; ~이든지 아니든지
2007,그들; 그것들
2008,여기에; 저기에; 이리로; 지금
2009,보라; 자
2010,휴식을 줌
2011,힌놈
2012,헤나
2013,조용하라!; 잠잠하라!
2014,중지; 그침; 멈춤
2015,변화 시키다; 뒤집어 엎다
2016,반대; 모순; 외고집
2017,심술궂음; 사악
2018,타도; 전복
2019,비틀어진; 부정직한
2020,구원
2021,병기; 무기
2022,산; 언덕; 산지
2023,호르
2024,하라
2025,제단의 노
2026,죽이다; 살해하다
2027,살해; 살육
2028,살해; 살육
2029,임신(잉태)하다
2030,임신한
2031,생각; 상상; 영상
2032,임신; 수태
2033,하롤의 주민
2034,파괴; 파괴된 것
2035,파괴; 파멸
2036,호람
2037,하룸
2038,하르몬
2039,하란
2040,넘어뜨리다; 파괴하다; 헐다
2041,파괴; 멸망
2042,산; 언덕; 산지
2043,하랄 사람
2044,하셈
2045,듣게 함
2046,용해; 녹음
2047,하닥
2048,속이다; 조롱하다
2049,비웃음; 조롱
2050,습격하다; 공격하다
2051,워단
2052,와협
2053,갈고리
2054,죄 있는; 죄를 범한
2055,왜사다
2056,자손; 어린아이
2057,와냐
2058,윕시
2059,와스니
2060,와스디
2061,이리
2062,스엡
2063,이것
2064,수여하다; 주다
2065,기증; 선물
2066,사밧
2067,삽디
2068,삽디엘
2069,스바댜
2070,파리
2071,사붓
2072,사붓
2073,높은 곳; 존귀한(높은) 처소
2074,스불론
2075,스불론 사람
2076,희생제물로 도살하다
2077,희생; 희생제물
2078,세바
2079,삽배
2080,스비다
2081,스비내
2082,영화롭게 하다; 존경하다
2083,스불
2084,사다; 얻다
2085,(포도의) 껍질
2086,거만한; 교만한; 주제넘은
2087,교만; 거만; 건방짐
2088,이것
2089,어린 양
2090,이것; 저것
2091,금
2092,몹시 싫어하다; 역겹다
2093,사함
2094,빛나다; 빛을 보내다; 가르치다; 경고하다; 훈계하다
2095,경고하다; 주의하다
2096,빛남; 광체
2097,이것
2098,이것
2099,시브(월)
2100,흐르다; 흘러나오다; 솟아나오다
2101,유출(물)
2102,끓다; 교만하게; 주제넘게; 반역적으로 행동하다
2103,주제넘다; 건방지다
2104,수스 족속
2105,소헷
2106,모서리(모퉁이)
2107,쏟아내다; 멸시하다
2108,~을 제외하고는; ~외에는; ~하는 것 외에는
2109,먹이다
2110,먹이다; 부양하다
2111,(두려움으로) 떨다; 흔들다
2112,(두려움으로) 떨다
2113,공포; 떨림; 전율함; 공포나 전율의 대상
2114,모르는 사람이다; 다른; 타인; 외국인; 창녀
2115,눌러 짜다; 짓누르다
2116,짓누르다; 짓눌러 부수다
2117,사사
2118,떼다; 떠나다
2119,기어가다; 두려워하다
2120,소헬렛
2121,거만한; 성낸; 맹렬한
2122,빛남; 광채
2123,움직이는 것(동물); 풍부; 충만
2124,시사
2125,시사
2126,시나
2127,시아
2128,십
2129,시바
2130,십사람(거민)
2131,섬광; 불꽃
2132,감람나무; 올리브
2133,세단
2134,순결한; 깨끗한; 정결한
2135,맑다; 깨끗케 하다; 순결하게 하다
2136,순결; 결백
2137,유리
2138,수컷
2139,삭굴
2140,삭개
2141,빛나다; 순결하다; 깨끗하다
2142,기억하다; 상기하다
2143,기억; 기념물
2144,세겔
2145,남성; 숫컷
2146,기념(물); 생각나게 하는 것; 기억; 회상
2147,시그리
2148,스가랴:
2149,무가치함; 쓸모없음; 비열함
2150,(떠는) 덩굴손
2151,무가치하다; 하찮다; 가볍게 하다
2152,맹렬한 열기
2153,실바
2154,방책; 의도; 사악함; 부정함; 음탕함
2155,심마
2156,나뭇가지; 작은 가지; 새싹 가지
2157,삼숨밈 사람
2158,노래
2159,가지치기
2160,스미라
2161,생각하다; 숙고하다; 계획하다; 궁리하다
2162,계획; 방책; 간계
2163,정하다; 지정하다
2164,동의하다; 공모하다
2165,정한 때
2166,정한 때; 때
2167,노래하다; 찬양하다; 연주하다
2168,손질하다; 전지하다
2169,산양; 산 염소
2170,기악; 음악
2171,노래하는 자
2172,음악; 멜로디; 노래
2173,특상의 열매; 특상의 산물
2174,시므리
2175,시므란
2176,음악; 노래
2177,유형; 종류
2178,종류; 부류
2179,꼬리를 자르다(치다)
2180,꼬리
2181,간음하다; 매춘하다; 창녀이다
2182,사노아
2183,간음
2184,간음; 매춘
2185,창기들
2186,거절(부)하다; 버리다; 악취를 내다
2187,(껑충) 뛰다; 뛰어오르다
2188,땀
2189,공포; 떨림(전율); 공포나 전율의 대상
2190,사아완
2191,적은; 소량의; 조금의
2192,작은; 소량의
2193,끄다; 소멸되다
2194,분노하다; 분노를 발하다; 비난하다
2195,분; 분노; 분개
2196,기분이 언짢아 하다; 슬퍼하다
2197,격노; 분노
2198,기분이 나쁜; 속타는
2199,부르짖다; 외치다; 부르다
2200,소리지르다; 외치다
2201,부르짖음; 외치는 소리; 울부짖는 소리
2202,시브론
2203,역청
2204,늙다
2205,늙은; 나이 먹은; 노년의; 노인; 장로
2206,수염; 턱
2207,노년
2208,노년; 노년기
2209,노년; 늙음
2210,일으키다
2211,세우다; (위로)올리다
2212,정련(정제)하다; 깨끗케 하다
2213,가장자리; 테
2214,싫음
2215,태우다; 말리다
2216,스룹바벨
2217,스룹바벨
2218,세렛
2219,흩뿌리다; 뿔뿔이 흩어버리다; 키질하다; 까부르다
2220,팔; 어깨; 힘
2221,파종; 뿌려진 것
2222,떨어지는 것
2223,허리를 졸라맨; 방심 않는
2224,일어나다; 떠오르다; 나타나다.
2225,밝아짐; 빛남; 떠오름
2226,세라
2227,세라의 후손들
2228,스라히야
2229,억수로 쏟아 붓다; 홍수처럼 쓸어버리다
2230,홍수; 호우; 억수; 폭풍우
2231,유출물(즉 정액)
2232,씨를 뿌리다
2233,씨; 씨 뿌리기; 자손; 소산
2234,씨; 종자; 자손
2235,채소(류)
2236,흩뿌리다; 뿌리다; 던지다
2237,재채기하다
2238,세레스
2239,한 뼘
2240,삿두
2241,세담
2242,세달
2243,가슴
2244,물러나다; 숨다
2245,사랑하다
2246,호밥
2247,뒤로 물러나다; 숨다
2248,상해함; 악행
2249,하볼
2250,매질; 상처; 채찍 자국
2251,떠다; 때리다; 타작하다
2252,하바야
2253,숨음; 숨는 곳
2254,파멸(파괴)하다; 타락한 행동을 하다; 산고하다; 저당 잡히다
2255,멸망하다(시키다); 상하게 하다
2256,끈; 줄; 영토; 무리; 부분
2257,상처; 손해
2258,담보(물)
2259,선원
2260,돛대
2261,수선화
2262,하바시냐
2263,포옹하다; 끌어안다
2264,악수; 포옹; 포갬
2265,하박국
2266,연합하다; 결합되다; 마법을 걸다; 마법으로 묶다
2267,일단; 동무; 연합; 제휴
2268,헤벨
2269,동무; 동료
2270,연합한; 연합한 자; 동료(무)
2271,동료; 동업자
2272,줄무늬; 표
2273,동료; 동무
2274,연합; 교제; 친교
2275,헤브론
2276,헤브론 자손
2277,헤벨의 후손들
2278,배우자; 동료
2279,연결한 것; 연합(물)
2280,묶다; 둘러감다; 붕대를 감다; 안장을 지우다; 통치하다
2281,납작한 빵이나 과자
2282,축제(모임); 순례절기; 절기의 희생
2283,두려움; 공포
2284,메뚜기; 황충
2285,하갑
2286,하가바
2287,절기를 지키다; 춤추다; 흔들거리다
2288,틈; 은신처
2289,띠; 허리띠; 허리를 졸라맨
2290,띠; 허리띠; 허리덮개
2291,학기
2292,학개
2293,학기야
2294,학깃
2295,호글라
2296,허리 띠를 졸라매다
2297,하나
2298,하나
2299,날카로운; 예리한
2300,날카롭다; 예리하다
2301,하닷
2302,날카롭다; 기뻐하다
2303,날카로운
2304,즐거움; 기쁨
2305,즐거움; 기쁨
2306,가슴
2307,하딧
2308,그치다; 그만두다; 중지하다; 끝내다
2309,중지; 휴식
2310,덧없는; 거절된
2311,하들래
2312,가시; 가시나무
2313,힛데겔
2314,둘러싸다; 봉쇄하다
2315,방; 침(내)실; 내부
2316,하달
2317,하드락
2318,새롭게 하다; 새로 만들다; 수리하다
2319,새로운; 신선한
2320,초승달; 달; 매달의
2321,호데스
2322,하다사
2323,새로운
2324,설명하다; 해석하다; 보이다; 알리다
2325,범죄하게 하다; 위태롭게 하다
2326,빚; 대부금
2327,호바
2328,원을 그리다; 한계와 범위를 규정하다
2329,원; 둥근 천장
2330,수수께끼를 내다
2331,말하다; 선언하다; 보이다; 알리다
2332,하와
2333,천막촌; 마을; 촌락
2334,하봇야일
2335,호새
2336,찔레; 가시나무; 갈고리; 족쇄
2337,찔레; 가시나무덤불
2338,수리하다
2339,실; 줄; 끈
2340,히위 족속
2341,하윌라
2342,빙빙 돌다; 괴로워하다; 견고하다; 강하다
2343,훌
2344,모래
2345,검은; 흑갈색의
2346,(성)벽; 담
2347,불쌍히 여기다; 측은히 여기다; 동정하다
2348,해변; 물가
2349,후밤
2350,후밤 가족
2351,외부; 바깥쪽
2352,구멍; 굴
2353,흰 옷감
2354,훌
2355,흰 옷감
2356,구멍; (동)굴
2357,창백해지다; 실색하다
2358,흰; 하얀
2359,후리
2360,후래
2361,후람
2362,하우란
2363,재촉하다; 서두르다; 즐기다
2364,후사
2365,후새
2366,후심
2367,후삼
2368,인장; 도장; 인장반지
2369,호담
2370,보다; 응시하다
2371,하사엘
2372,보다; 지각하다; 준비하다; 선지하다
2373,(동물의)가슴
2374,선견자
2375,하소
2376,이상; 환상; 외관
2377,환상; 이상
2378,환상
2379,봄; 보이는 것; 광경
2380,환상; 묵시; 두드러진 모습
2381,하시엘
2382,하사야
2383,헤시온
2384,이상; 환상
2385,번개
2386,돼지; 멧돼지
2387,헤실
2388,강하다; 견고하다; 강화하다
2389,강한; 견고한; 튼튼한
2390,강한
2391,힘; 능력
2392,힘; 국력
2393,힘; 세력
2394,힘; 폭력; 강압; 세력
2395,히스기
2396,히스기야
2397,갈고리; 고리
2398,빗나가다; 잘못 행하다; 죄를 짓다
2399,죄; 범죄
2400,죄 있는; 죄 많은; 죄인(들)
2401,죄
2402,죄; 죄악
2403,죄; 유죄; 죄의 형벌; 속죄제
2404,나무를 베거나 쪼개다; 나무를 모으다
2405,줄무늬로 수놓은
2406,밀; 소맥
2407,핫두스
2408,죄
2409,속죄제
2410,하디다
2411,하딜
2412,하디바
2413,억제하다; 제지하다
2414,(붙)잡다; 꽉 잡다
2415,가지; 막대기
2416,살아있는; 생존하여 있는
2417,살아있는; 생명
2418,살다
2419,히엘
2420,수수께끼; 알기 어려운 말이나 문제
2421,살다; 살아 있다; 생명을 유지시키다
2422,활기 있는; 생기 넘치는; 건강한
2423,짐승
2424,삶; 생명
2425,살다; 살아있다; 생명을 보존하다
2426,성벽; 요새
2427,몸무림; 고통
2428,힘; 능력; 부; 재산; 군대
2429,힘; 권력; 군대
2430,성벽
2431,헬람
2432,힐렌
2433,우미한
2434,담; 성벽
2435,바깥의; 외부의
2436,가슴; 내부
2437,히라
2438,히람
2439,서두르다
2440,빨리; 속히
2441,입천장; 잇몸; 치은
2442,기다리다; 대망하다; 기대하다
2443,낚시
2444,하길라 산
2445,현자
2446,하가랴
2447,흐릿한; 어두운
2448,흐려짐; 어두워짐
2449,지혜롭다; 현명하다
2450,지혜로운; 현명한
2451,지혜
2452,지혜
2453,학모니
2454,지혜
2455,불경스러움; 비속; 보통
2456,병들다; 아프다
2457,녹
2458,헬라
2459,지방; 지방질
2460,헬렙
2461,젖; 우유; 치즈
2462,헬바
2463,헬본
2464,풍자향
2465,생의 시간; 세상
2466,헬렛
2467,족제비
2468,훌다
2469,헬대
2470,약하다; 병들다
2471,과자
2472,꿈
2473,홀론
2474,창; 창문
2475,사라져버림; 멸망 당하게끔 됨
2476,패배
2477,할라
2478,할훌
2479,몸부림; 고통; 고민; 공포
2480,붙잡다; 포착하다; 파악하다
2481,장신구; 보석 장식
2482,할리
2483,병
2484,장신구; 보석류
2485,피리; 저
2486,부정불변화사
2487,변화; 변경; 교체(환); 바꿈
2488,약탈품; 전리품
2489,불행한; 가난한
2490,꿰뚫다; 꿰찌르다; 피리를 불다; 더럽히다
2491,살해된; 죽임을 당한
2492,건강하다; 꿈꾸다
2493,꿈
2494,헬렘
2495,맛이 없는 식물; 쇠비름
2496,부싯돌; 바위
2497,헬론
2498,나아가다; 지나가다; 꿰뚫다; 변경하다; 바꾸다
2499,시간이 경과하다(지나다)
2500,교환
2501,헬렙
2502,끌어내다; 빼내다; 구원하다
2503,헬레스
2504,허리'
2505,나누다; 분배(할당)하다; 매끄럽다; 부드럽다
2506,할당 몫; 몫; 분깃; 영토(토지)
2507,헬렉
2508,몫; 소유
2509,매끄러운; 아첨하는
2510,할락
2511,매끄러움
2512,매끄러운
2513,할당된 몫; 한 부분; 매끄러움; 아첨
2514,아첨; 감언; 교묘한 약속
2515,할당; 부분; 몫
2516,헬렉 가족
2517,헬개
2518,힐기야
2519,매끄러움; 감언; 교언; 아첨; 교활한 약속
2520,헬갓
2521,헬갓핫수림
2522,넘어뜨리다; 무찌르다; 항복 시키다
2523,약함
2524,시부
2525,따뜻한; 뜨거운
2526,함
2527,더위; 뜨거움; 더움
2528,분노; 격노
2529,응유; 버터
2530,몹시 바라다; 탐내다; 기뻐하다
2531,열망; 희망; 즐거움
2532,갈망; 바람직한; 탐나는 것; 귀한; 기뻐하는
2533,헴단
2534,열; 격노; 분노
2535,태양
2536,함무엘
2537,하무달
2538,하물
2539,하물 족속
2540,함몬
2541,학대나 압박 받는 자
2542,둥근; 곡선
2543,(숫) 나귀 (
2544,하몰
2545,시어머니
2546,도마뱀(류)
2547,훔다
2548,맛있게 한; 조미된
2549,다섯째
2550,아끼다; 용서하다; 불쌍히 여기다
2551,자비; 연민
2552,뜨겁다; 따뜻하다; 덥다
2553,향제단
2554,부당(사악)하게 행하다; 폭력을 행사하다; 해하다
2555,폭력; 난폭; 부당행위; 불법; 악
2556,발효되다; 시어지다; 붉다; 냉혹하다
2557,발효된 것; 누룩
2558,초; 식초
2559,물러나다; 돌리다
2560,끓이다; 거품이 일다; 붉다; 칠하다
2561,포도주
2562,포도주
2563,점토; 더미; 호멜
2564,역청; 아스팔트
2565,더미; 무더기
2566,하므란
2567,5분의 1을 징수하다
2568,다섯
2569,5분의 1
2570,배; 복부
2571,전투대형을 이룬
2572,오십(50)
2573,가죽부대
2574,하맛
2575,함맛
2576,함못돌
2577,하맛 족속
2578,하맛 소바
2579,하마트랍바
2580,호의; 은총; 은혜; 매력; 아름다움
2581,헨
2582,헤나닷
2583,기울다; 진을 치다
2584,한나
2585,에녹
2586,하눈
2587,은혜로운; 자비로운
2588,(천장이 둥근) 작은 방
2589,하난의 부정사 구성형
2590,향료로 방부처리 하다
2591,밀; 소맥
2592,한니엘
2593,훈련된; 숙련된
2594,호의; 은혜
2595,창; 작살
2596,가르치다; 봉헌하다; 낙성식을 행하다
2597,봉헌(식); 헌납(식)
2598,봉헌
2599,하녹
2600,거저; 자유로이; 이유없이; 헛되이
2601,하나멜
2602,서리; 큰 우박
2603,호의(은혜)를 베풀다; 자비롭다; 불쌍히 여기다
2604,자비(호의; 은혜)를 베풀다
2605,하난
2606,하나넬 망대
2607,하나니
2608,하나냐
2609,하네스
2610,(신성을) 더럽히다(모독하다); 불경하다
2611,신성 모독적인; 불경건한
2612,불경(스러움); 사악
2613,불경(스러움); 사악
2614,교살하다
2615,한나돈
2616,친절하다; 책망하다; 부끄럽게 하다
2617,친절; 인자; 자비; 자애
2618,헤셋
2619,하사댜
2620,도피하다; 피난(신)하다
2621,호사
2622,피난(처)
2623,친절한; 경견한(자)
2624,다정한 것; 황새
2625,메뚜기의 일종; 황충
2626,강한; 강력한
2627,부족한; 모자라는
2628,다 먹어 버리다
2629,막다; 메우다; 부리망을 씌우다
2630,저장하다; 쌓아두다
2631,소유하다; 가지고 있다
2632,권세; 권력
2633,재물; 부; 보물
2634,힘센; 강한
2635,진흙; 질그릇 조각
2636,비늘 같은 것; 둥근 것
2637,부족하다; 필요하다; 감소하다(줄다)
2638,필요한; 부족한(없는)
2639,결핍; 궁핍
2640,부족; 결핍
2641,하스라
2642,부족한 것; 필요로 한 것; 결핍
2643,깨끗하다; 결백하다
2644,은밀히 행하다
2645,덮다; 가리다; 싸다; 씌우다
2646,신방
2647,훔바
2648,서두르다; 당황하다; 놀라다
2649,서두름; 두려움; 도피
2650,훔빔
2651,한 움큼; 한줌; 손바닥
2652,홉니
2653,덮다; 보호하다
2654,기뻐하다; 즐거워 하다
2655,기뻐하는; 즐거워하는; 바라는
2656,기쁨; 즐거움
2657,헵시바
2658,파다; 찾다; 수색하다
2659,부끄러워하다; 수치를 당하다; 당황하다
2660,헤벨
2661,두더지
2662,헤벨 가족
2663,하바라임
2664,찾다; 수색하다; 궁리하다; 변장하다
2665,책략(음모); 빈틈없는 계획
2666,자유롭게 하다; 해방하다
2667,펴는 것; 안장 방석
2668,자유; 해방
2669,자유; 별거; 분리
2670,자유로운; 면제된
2671,화살
2672,파다; 자르다; 쪼개다
2673,분리하다; 나누다; (인생의) 반을 살다
2674,하솔
2675,하솔 하닷다
2676,중앙; 한 가운데
2677,반; 중앙; 가운데
2678,화살
2679,므누훗 사람의 절반
2680,마하낫 족속의 절반
2681,거주지; 처소
2682,풀; 부추
2683,가슴; 품
2684,가슴; 품; 의복의 가슴부분
2685,거만하다; 거칠다; 뽐내다
2686,활을 쏜다; 분리하다
2687,자갈
2688,하사손다말
2689,나팔
2690,나팔을 불다
2691,안뜰; 촌락; 마을
2692,하살아달
2693,하살갓다
2694,하셀핫디곤
2695,헤스래
2696,헤스론
2697,헤스론 자손
2698,하세롯
2699,각 촌락들
2700,하살마웹
2701,하살수사
2702,하살수심
2703,하살에논
2704,하살에난
2705,하살수알
2706,규정(칙); 법령(규); 관습; 의무
2707,새기다; 파다
2708,규정; 법령; 법규; 관습
2709,하그바
2710,파다; 새기다; 제정하다; 기입하다; 통치하다
2711,법령(규); 결심(정)
2712,후곡
2713,찾다; 조사하다; 시험하다
2714,탐색; 조사
2715,귀족
2716,대변; 배설물
2717,마르다; 황폐하다; 공격하다; 죽이다
2718,황폐하다; 파괴하다
2719,칼; 검
2720,마른; 건조한; 황폐한
2721,마름; 가뭄; 더위; 열기
2722,호렙
2723,황폐; 황폐한 곳; 폐허
2724,(메)마른 땅
2725,가뭄; 한발
2726,하르보나
2727,전율하다; 떨다
2728,귀뚜라미
2729,떨다; 진동하다; 두려워하다; 놀라다
2730,전율하는 떨리는
2731,떨림; 두려움; 불안; 걱정
2732,하라다
2733,하롯 사람
2734,성내다; 노하다
2735,홀하깃갓
2736,할해야
2737,구슬꿰미
2738,쐐기풀
2739,하루맙
2740,맹렬함; 격분; 분격; 격노
2741,하룹 사람
2742,날카로운; 부지런한; 해자; 금
2743,하루스
2744,할훌
2745,할하스
2746,열병
2747,조각도구; 철필
2748,마술사; 점쟁이
2749,마술사
2750,(노여움의) 맹렬함; 분격
2751,흰 물질(빵)
2752,호리 족속
2753,호리 족속
2754,자루; 지갑
2755,비둘기의 똥
2756,하립
2757,벤 조각; 베어낸 것; 예리한 도구
2758,경작; 경작의 때
2759,무더운; 몹시 더운
2760,굽다; 익히다
2761,태워 그슬리다
2762,격자창(살)
2763,금지하다; 바치다; 전멸하다
2764,바쳐진(봉헌된) 것; 금지; 저주
2765,호렘
2766,하림
2767,호르마
2768,헤르몬
2769,헤르몬
2770,낫
2771,하란
2772,호론 사람
2773,호로나임
2774,하르네벨
2775,가려움증; 옴; 태양
2776,헤레스
2777,옹기; 도기
2778,비난하다; 조롱하다; 모욕하다; 무시하다; 수확기를 보내다; 획득하다
2779,수확기; 가을
2780,하렙
2781,비난; 치욕; 조롱; 조소
2782,자르다; 날카롭게 하다; 결정하다
2783,허리
2784,고통; 아픔; 족쇄; 결박
2785,포도 씨
2786,이를 갈다; 갈다
2787,불타다; 타다; 마르다
2788,메마른 곳; 바짝 마른 곳
2789,토기; 질그릇
2790,새기다; 갈다; 궁리(고안)하다; 침묵하다
2791,조용히; 비밀히; 숙련공
2792,헤레스
2793,수목이 우거진 높은 곳
2794,날카로운 철 용구 기술자
2795,귀먹은; 귀머거리의
2796,장인; 기능공; 조각가
2797,하르사
2798,장인들; 기술자들
2799,조각(물)
2800,하로셋
2801,새기다; 조각하다
2802,헤렛
2803,생각하다; 계획하다; 간주하다; 판단을 내리다; 계산하다
2804,생각하다; 간주하다
2805,정교하게 만든 띠
2806,하스밧다나
2807,하수바
2808,계획; 이해력
2809,헤스본
2810,창안; 발명; 계책
2811,하사뱌
2812,하삽나
2813,하삽느야
2814,침묵을 지키다; 조용히 하다; 활동하지 않다
2815,핫숩
2816,어두움
2817,하수바
2818,필요하다; 필요로 하다
2819,필요한 것; 필요물
2820,억제하다; 저지하다; 막다; 삼가다
2821,어두워지다; 침침해지다; 검은색을 띠다; 숨기다; 흐리게 하다
2822,어두움; 흑암
2823,천한; 낮은
2824,어두움; 흑암
2825,어두움; 흑암
2826,약화하다; 못쓰게 하다
2827,약화시키다; 결단 내다
2828,하숨
2829,헤스몬
2830,어떤 빛나는 물질
2831,사절; 특사
2832,하스모나
2833,흉패
2834,(벌거)벗기다; 드러내다; (물을) 긷다
2835,작은 무리(떼)
2836,~에 애착하다; 사랑하다
2837,소원; 원하는 것
2838,띠(리본)나 고리
2839,살
2840,바퀴 통
2841,모임
2842,마른 풀; 건초
2843,후사사람
2844,부서짐; 두려움; 당황
2845,헷
2846,잡아채다; 움켜쥐다; 취하다
2847,공포; 두려움
2848,붕대
2849,공포; 두려움
2850,헷 족속
2851,공포; 두려움
2852,나누다; 결정하다
2853,(감)싸다
2854,강보
2855,헤들론
2856,인을 찍다; 봉인하다
2857,봉하다; 인치다
2858,인장; 도장
2859,어떤 사람의 사위가 되다; 장인; 장모(분사)
2860,딸의 남편; 신랑; 사위
2861,결혼; 결혼식
2862,잡아채다; 강탈하다
2863,강도
2864,파다; 노를 젖다
2865,부수다; 놀라다; 당황하다; 낙담하다; 두려워하다
2866,두려움; 공포
2867,하닷
2868,기뻐하다
2869,좋은; 선한
2870,다브엘
2871,터어번; 머리띠
2872,가장 높은 곳; 정상
2873,도살하다; 살해하다; 무자비하게 죽이다
2874,도살; 살해
2875,데바
2876,요리사; 경호원; 호위병
2877,시위대; 호위병
2878,도살; 도살된 고기
2879,요리사
2880,디브핫
2881,담그다; 적시다
2882,드발리야
2883,가라앉다; 익사하다; 놓다
2884,답바욧
2885,반지; 인장반지; 고리
2886,다브림몬
2887,열번째 달; 데벳
2888,답밧
2889,순수한
2890,깨끗한; 순결한
2891,깨끗하다; 정결하다; 순결하다
2892,맑음; 청정; 정결; 깨끗함
2893,정결케함; 정화
2894,휩쓸어 버리다; 청소하다
2895,선하다; 좋다; 기쁘다; 바르게(잘) 행하다
2896,좋은; 선한; 즐거운; 선; 이익; 번영; 복지
2897,돕
2898,좋은 것; 물품(건); 선함; 번영
2899,도바도니야
2900,도비야
2901,(실을) 짓다; 방적하다
2902,덮다; 회반죽을 바르다; 회칠하다
2903,머리띠; 표; 기호
2904,(집어) 던지다; 내던지다
2905,벽; 줄
2906,산; 언덕
2907,급격히 돌진하다
2908,배고픔; 금식
2909,쏘다
2910,내부; 속 부분
2911,맷돌
2912,갈다; 갈아 가루로 만들다; 맷돌을 돌리다
2913,맷돌
2914,치질; 종양; 종기
2915,칠함; 석회
2916,진흙; 진창; 점토
2917,진흙
2918,진지(영); 총안이 있는 흉벽(망대); 줄
2919,이슬
2920,이슬
2921,수선하다; 반점이 있다; 얼룩덜룩하다
2922,어린 양
2923,들라임
2924,어린 양
2925,집어 던짐
2926,덮다; 얹다
2927,그늘지게 하다
2928,델렘
2929,달몬
2930,더럽다; 불결하다
2931,더러운; 부정한
2932,부정; 불결
2933,부정하다; 불결하다
2934,숨기다; 감추다
2935,바구니; 광주리
2936,더럽히다
2937,길을 잃다; 타락시키다
2938,맛보다; 먹다; 지각하다
2939,먹이다
2940,판단; 분별(력); 법령
2941,판단; 보고; 명령
2942,맛; 판단; 분별(력); 명령; 법령
2943,(짐을) 싣다
2944,찌르다
2945,어린 아이들
2946,펴다; 운반하다
2947,한 손 폭의 넓이; 처마
2948,한 손 폭 넓이
2949,안고 어름; 귀여워 함
2950,(회반죽)을 바르다; 칠하다; 아교로 붙이다
2951,(군대의) 원수; 서기관
2952,아기죽거리며 걷다
2953,손톱; 발톱
2954,뚱뚱하다
2955,다밧
2956,계속하다; 끊이지 않다
2957,쫓아내다; 쫓아버리다
2958,~전에; 아직...아니
2959,얹다; 싣다
2960,무거운 짐; 괴로움
2961,새로운
2962,~전에; 아직~아니; ~하기 전에
2963,(잡아) 찢다; 잡아채다
2964,먹이; 식물; 잎사귀
2965,새로 뜯긴; 갓 딴
2966,찢겨진 짐승; 찢긴 고기
2967,다블래 사람
2968,간절히 바라다; 열망하다
2969,합당하다; 적합하다
2970,야아사냐
2971,야일
2972,야일 사람
2973,어리석다; 어리석게 행동하다
2974,기꺼이 하는 마음을 보이다; 좋아하다; 기뻐하다; 만족해하다; 결정하다
2975,나일강; 나일 운하; 강; 시내
2976,절망하다
2977,요시야
2978,입구; 현관
2979,여아드래
2980,부르짖다; 소리치다; 외치다
2981,(땅의) 산물; 열매
2982,여부스
2983,여부스 족속
2984,입할
2985,야빈
2986,가져오다; 이끌다; 인도하다
2987,가져가다(오다); 옮기다
2988,시내; 개울
2989,야발
2990,진물이 흐르는; 고름이 나오는
2991,이블르암
2992,시형제의 의무(도리)를 이행하다
2993,남편의 형제; 시동생
2994,형제의 아내; 시동생의 아내
2995,얍느엘
2996,야브네
2997,이브느야
2998,이브니야
2999,얍복
3000,여베레기야
3001,마르다; 시들다
3002,마른
3003,야베스
3004,마른 땅
3005,입삼
3006,마른 땅(육지)
3007,마른 땅; 육지
3008,이갈
3009,농부가 되다
3010,들; 밭
3011,욕브하
3012,익다랴
3013,괴로워하다; 몹시 슬퍼하다
3014,(길에서) 밀어내다; 옮기다
3015,큰 슬픔; 비탄; 고통; 괴로움
3016,두려워하는
3017,야굴
3018,수고; 산물
3019,피로한; 지친
3020,요글리
3021,수고하다; 피곤하다; 싫증나다
3022,수고의 열매; 수고로 얻는 소득
3023,피곤한; 지친
3024,피곤케 함; 지침
3025,두려워하다; 무서워하다
3026,증거의 (돌)더미
3027,손
3028,손
3029,감사하다; 찬양하다
3030,이달라
3031,잇바스
3032,제비를 던지다(뽑다)
3033,사랑하는; 사랑스러운
3034,던지다; 쏘다; 감사하다; 찬양하다; 고백하다
3035,잇도
3036,야돈
3037,얏두아
3038,여두둔
3039,사랑하는
3040,여디다
3041,여디디야
3042,여다야
3043,여디아엘
3044,이들랍
3045,알다; 이해하다
3046,알다
3047,야다
3048,여다야
3049,신접한 자; 점쟁이
3050,야훼의 축약형
3051,주다; 돌리다; 자; 오라
3052,주다; (기초를) 놓다
3053,운명; 몫
3054,유대인이 되다
3055,여훗
3056,야대
3057,여후디야
3058,예후
3059,여호아하스
3060,여호아스; 요아스
3061,유다
3062,유다인들
3063,유다
3064,유대인; 유대인의
3065,여후디
3066,유대인의 (언어)
3067,유딧
3068,여호와; 야웨; 야훼
3069,여호와
3070,여호와 이레
3071,여호와 닛시
3072,여호와 우리의 의라
3073,여호와 살롬
3074,여호와 삼마
3075,여호사밧
3076,여호하난
3077,여호야다
3078,여호야긴
3079,여호야김
3080,여호야립
3081,여후갈
3082,여호나답
3083,요나단
3084,요셉
3085,여호앗다
3086,여호앗단
3087,여호사닥
3088,여호람
3089,여호세바
3090,여호사브앗
3091,여호수아
3092,여호사밧
3093,오만한; 건방진; 거만한
3094,여할렐렐
3095,벽옥
3096,야하스
3097,요압
3098,요아
3099,여호아하스; 요하스
3100,요엘
3101,요아스
3102,욥
3103,요밥
3104,수양의 뿔; 나팔
3105,시내; 강
3106,유발
3107,요사밧
3108,요사갈
3109,요하
3110,요하난
3111,요야다
3112,여호야긴
3113,요야김
3114,요야립
3115,요게벳
3116,유갈
3117,날; 낮; 하루
3118,날; 낮; 하루
3119,낮에는; 주간에는
3120,야완
3121,진흙; 수렁
3122,요나답
3123,비둘기
3124,요나
3125,야완의 후손들
3126,어린나무; 묘목
3127,새순; 어린가지
3128,요낫엘렘레호김
3129,요나단
3130,요셉
3131,요시뱌
3132,요엘라
3133,요엣
3134,요에셀
3135,요아스
3136,요사닥
3137,요김
3138,이른 비
3139,요라
3140,요래
3141,요람
3142,유삽헤셋
3143,요시비야
3144,요사
3145,요사위야
3146,요사밧
3147,요담
3148,탁월; 이익; 초과
3149,여시엘
3150,잇시야
3151,야시스
3152,이슬리아
3153,여사냐
3154,땀
3155,이스라 사람
3156,이스라히야
3157,이스르엘
3158,이스르엘 사람
3159,이스르엘 여자
3160,호바
3161,참가하다; 하나가 되다; 연합하다
3162,하나됨; 연합됨; 함께; 모두 함께; 모두 동시에
3163,야도
3164,야디엘
3165,예드야
3166,야하시엘
3167,야스야
3168,여헤스겔
3169,여히스기야; 히스기야
3170,야세라
3171,여히엘
3172,여히엘리
3173,유일한; 단 하나의; 외로운
3174,여히야
3175,기대하는; 바라는; 소망하는
3176,기다리다; 기대하다; 바라다
3177,얄르엘
3178,얄르엘(의 후손들)
3179,뜨겁다; 임신하다
3180,숫노루
3181,야매
3182,맨발의; 벗은 발의
3183,야셀
3184,야스엘의 후손들
3185,야시엘
3186,지체하다; 지연하다
3187,족보에 등록되다
3188,가계; 혈통; 계보
3189,야핫
3190,선하다; 좋다; 즐겁다; 잘하다
3191,선하게 보이다; 좋아 보이다
3192,욧바
3193,욧바다
3194,윳다
3195,여둘
3196,포도주
3197,손; 곁
3198,결정하다; 판단(심판)하다; 입증하다; 꾸짖다; 징계하다
3199,야긴
3200,야긴의 후손들
3201,~할 수 있다; 우세하다; 이기다; 정복하다
3202,~할 수 있다
3203,여골리아
3204,여고냐
3205,낳다; 생기게 하다; 산고를 겪다
3206,아이; 어린아이; 젊은이
3207,소녀; 처녀
3208,어린시절; 청년시절
3209,태어난; 낳은
3210,얄론
3211,태어난; 출생한
3212,가다; 오다; 걷다
3213,짖다; 울부짖다; 통곡하다
3214,울부짖음; 부르짖음
3215,울부짖음
3216,꿀꺽 삼키다; 부지 중에 말하다
3217,딱지; 비듬; 옴
3218,어린 메뚜기
3219,배낭; 주머니
3220,바다
3221,바다;
3222,온천; 샘
3223,여무엘
3224,여미마
3225,오른손; 오른편
3226,야민
3227,오른쪽(편)의; 오른
3228,야민의 자손
3229,이믈라
3230,야믈렉
3231,오른편으로 가다; 오른편을 택하다; 오른손을 사용하다
3232,임나
3233,오른손; 오른편
3234,임나
3235,바꾸다; 자랑하다
3236,이므라
3237,만지다
3238,압박(제)하다; 학대하다; 부당하게 대우하다
3239,야노아
3240,쉬다; 휴식하다; 정착하다
3241,야님
3242,어린 가지
3243,(젖을) 빨다; 젖을 먹이다
3244,부엉이
3245,설립하다; 세우다; 기초를 세우다(놓다)
3246,처음; 시작
3247,기초; 토대
3248,기초; 토대 = 창건된 도시
3249,빗나감; 떠남
3250,훈계자; 책망자
3251,(기름을) 붓다; 바르다
3252,이스가
3253,이스마갸
3254,더하다; 증가하다; 다시 하다
3255,더하다; 증가하다
3256,훈계; 징계; 징벌하다; 교훈하다
3257,삽
3258,야베스
3259,지명(인명)하다; 정하다; 모으다; 소집하다; 만나다; 놓다
3260,잇도
3261,함께 쓸어 버리다
3262,여우엘
3263,여우스
3264,수풀; 숲
3265,야일
3266,여우스
3267,완고하다; 냉혹하다
3268,야아시엘
3269,야아시야
3270,야셀
3271,감싸다; 덮어가리다
3272,조언하다; 의논하다
3273,여이엘
3274,여우스
3275,야간
3276,이익이 되다; 이익을 얻다
3277,산(야생) 염소
3278,야엘
3279,야알라
3280,산 암염소
3281,얄람
3282,~의 이유로; ~때문에
3283,타조
3284,타조
3285,야내
3286,피곤하다; 지치다; 쇠약해지다
3287,피곤한; 쇠약한
3288,빠른 진행
3289,충고(조언; 권면)하다; 고안(계획)하다
3290,야곱
3291,야아고바
3292,야아간
3293,숲; 삼림; 수풀; 벌집
3294,야라
3295,벌집
3296,야레오르김
3297,여아림
3298,야아레시야
3299,야아수
3300,야아시엘
3301,이브드야
3302,아름답다
3303,아름다운
3304,예쁜; 아름다운
3305,욥바
3306,숨쉬다; 헐떡거리다
3307,숨쉬는; 내뿜는
3308,아름다움; 미
3309,야비아
3310,야블렛
3311,야블렛 사람
3312,여분네
3313,빛을 비추다; 빛을 발하다; 빛나다
3314,영광; 광체
3315,야벳
3316,입다
3317,입다엘
3318,나가다; 나오다; 떠나다; 앞으로 가다; 나가게 하다; 이끌어내게 하다
3319,끝마치다; 완성하다
3320,서다; 위치를 잡다; ~에 나타나다(출두)
3321,확실하다; 확고부동하다
3322,두다; 놓다; 세우다
3323,신선한 기름
3324,이스할
3325,이스할 자손
3326,침상; 침대
3327,이삭
3328,이소할
3329,나오는
3330,확실한; 진실한; 정당한
3331,눕히다; 놓다; 펴다
3332,붓다; 쏟다; 흐르다; 주조하다; 굳다
3333,주조하는 것
3334,매다; 갑갑하다; 비좁다; 곤란(곤경) 중에 있다
3335,형성하다; 만들다; 고안하다
3336,형(태); 구성; 구상; 목적; 의도; 결심
3337,예셀
3338,신체의 일부(지체)
3339,이스리
3340,예셀 가족
3341,불을 붙이다; 태우다
3342,포도즙(주) 통
3343,예카브체엘은 카브체엘(
3344,타다; 태우다; 불붙이다
3345,타다; 태우다
3346,태움; 연소
3347,욕드암
3348,야게
3349,순종; 복종
3350,불타는 것; 연소; 태움
3351,실체; 존재
3352,새 사냥꾼; 덫을 놓는 자
3353,덫을 놓는 자; 새 사냥꾼
3354,여구디엘
3355,욕단
3356,야김
3357,귀여운
3358,어려운; 존경하는
3359,여가먀
3360,여가므암
3361,욕므암
3362,욕느암
3363,탈구하다; 소외시키다; 소원하게 하다; 매달다
3364,깨우다; 깨다
3365,귀중히 여기다; 가치가 있다; 값비싸다
3366,귀중함; 영예; 빛남; 가격
3367,귀중한 것; 영광
3368,귀중한; 희귀한; 빛나는; 중요한
3369,미끼를 달다(놓다); 덫을 놓다
3370,욕산
3371,욕드엘
3372,두려워하다; 무서워하다; 경외하다
3373,경외하는 (자); 두려워하는 (자)
3374,공포; 두려움; 경외
3375,이론
3376,이리야
3377,야렙
3378,여룹바알
3379,여로보암
3380,여룹베셋
3381,내려오다; 내려가다; 내리다
3382,야렛
3383,요단
3384,던지다; 쏘다; 가르치다; 비를 내리다
3385,여루엘
3386,야로아
3387,푸른 것
3388,여루사
3389,예루살렘
3390,예루살렘
3391,달; 월
3392,예라
3393,달; 월
3394,달
3395,여로함
3396,여라므엘
3397,여라므엘 사람
3398,야르하
3399,내던지다; 덤비다; 서두르다
3400,여리엘
3401,대적자
3402,야립
3403,여리배
3404,여리야
3405,여리고
3406,여리못
3407,휘장
3408,여리옷
3409,넓적다리; 허리; 측면; 기초
3410,넓적다리; 허리
3411,옆구리; 측면; 편; 맨 끝 부분들 등
3412,야르뭇
3413,여레매
3414,예레미야
3415,떨다; 흔들리다; 몹시 걱정하다; 근심하다
3416,이르브엘
3417,내뱉다
3418,푸른빛; 초록색; 초목
3419,나물; 목초
3420,창백함; 흙빛; 깜부기병
3421,요르그암
3422,푸르스름한; 황색
3423,붙잡다; 상속하다; 점유하다; 상속권을 박탈하다
3424,소유; 영지
3425,소유; 상속재산
3426,존재; 물질; 이다; 있다
3427,앉다; 머무르다; 살다; 거주하다
3428,예세브압
3429,요셉밧세벳
3430,이스비브놉
3431,이스바
3432,야숩의 후손들
3433,야수비네헴
3434,야소브암
3435,이스박
3436,요스브가사
3437,야숩
3438,이스와
3439,여소하야
3440,이스위
3441,이스위의 후손들
3442,예수아
3443,예수아
3444,구원; 구출
3445,배고픔; 텅 빔
3446,이삭
3447,내밀다
3448,이새
3449,잇시야
3450,여시미엘
3451,죽음; 죽음의 상태
3452,황무지; 사막; 광야
3453,늙은; 나이 많은
3454,여시새
3455,놓다; 두다
3456,황폐하다
3457,이스마
3458,이스마엘
3459,이스마엘 족속
3460,이스마야
3461,이스므래
3462,잠자다; 잠들다
3463,잠자는
3464,야센
3465,오래된; 옛날의; 해묵은
3466,여사나
3467,구원하다; 구출하다; 구조하다
3468,구원; 구출; 구조; 안전; 번영; 승리
3469,이시
3470,이사야
3471,벽옥
3472,이스바
3473,이스반
3474,평탄하다; 곧다; (똑)바르다
3475,예셀
3476,곧음; 올바름; 정직함
3477,곧은; 정직한; 올바른
3478,이스라엘
3479,이스라엘
3480,예사렐라
3481,이스라엘
3482,이스라엘 여인
3483,정직함
3484,여수룬
3485,잇사갈
3486,노인; 노쇠함
3487,대격 표시어
3488,앉다; 거주하다
3489,핀; 쐐기 못; 말뚝; 걸이 못; 못
3490,고아
3491,수색; 조사; 탐색
3492,얏딜
3493,탁월한; 비범한; 비상한; 극도의
3494,이들라
3495,이드마
3496,야드니엘
3497,잇난
3498,남다; 남기다; 탁월하다; 두고 가다
3499,나머지; 여부; 초과; 탁월; 끈; 줄
3500,예델
3501,이드라
3502,부; 재물
3503,이드로
3504,유익; 소득; 뛰어남; 탁월함
3505,이델 족속
3506,이드란
3507,이드르암
3508,부가물; 꺼풀
3509,여뎃
3510,아프다; 고통이 있다
3511,고통; 괴로움; 슬픔
3512,낙심(낙담)하다; 위협하다(수동; 겁을 집어먹다)
3513,무겁다; 힘겹다; 짐이 되다; 존경하다; 영화롭다; 존귀하다
3514,무거움; 참혹함; 맹렬함; 다수
3515,무거운
3516,간
3517,무거움; 힘겨움; 어려움
3518,끄다; 꺼지게 하다
3519,풍부; 다량; 다수; 부; 영예; 영광
3520,영광스러운; 부유한; 운반(물건);
3521,가불
3522,갑본
3523,이불이나 방충망
3524,큰; 강력한; 세력 있는; 많은
3525,족쇄; 차꼬
3526,씻다; 빨래하다
3527,많다; 풍부하다
3528,벌써; 오래 전에; 옛날에; 오랫동안
3529,그발
3530,거리; 간격
3531,체; 조리
3532,어린양
3533,정복하다; 속박하다; 강요하다
3534,발판
3535,어린 암양
3536,용광로
3537,항아리; 단지
3538,거짓된; 허위의
3539,홍보석
3540,그돌라오멜
3541,이렇게; 이 방법으로; 여기에; 지금까지
3542,여기
3543,희미하다; 어두워지다; 약해지다; 꾸짖다
3544,희미한; 어두운; 약한; 엷은
3545,진정; 치유
3546,할 수 있다
3547,제사장 직분을 수행하다
3548,제사장; 주요공직자 혹은 우두머리 통치자
3549,제사장
3550,제사장 직(분)
3551,창(문)
3552,굽
3553,투구
3554,타다; 그슬리다
3555,태움; 화상
3556,별
3557,담고있다; 포함하다; 부양; 준비; 제공하다; 감당하다
3558,작은 금방울
3559,확고하다; 준비하다; 확립하다; 고정되다
3560,군
3561,과자
3562,고나냐
3563,잔; 컵; 올빼미
3564,용광로; 풀무
3565,고라산
3566,고레스
3567,고레스
3568,구스
3569,구스 사람
3570,구시
3571,구스
3572,구산
3573,구산리사다임
3574,번영; 성공; 형통
3575,굿; 구다
3576,거짓말하다; 거짓말쟁이다.
3577,거짓말; 허위; 사기
3578,고세바
3579,고스비
3580,거십
3581,작은 파충류; 힘; 능력
3582,숨기다; 말살하다
3583,그리다; 칠하다
3584,실패하다; 속이다; 야위다
3585,거짓말; 거짓; 야윔
3586,거짓말 함
3587,불탐; 낙인
3588,[관계사]
3589,멸망;사재난
3590,불꽃; 섬광
3591,창; 단창
3592,기돈
3593,공격; 진격
3594,기윤
3595,대야; 냄비; 노
3596,사악한 자
3597,도끼; 메
3598,묘성
3599,주머니; 전대
3600,요리용 화덕
3601,실패; 물레의 가락
3602,이렇게; 이와 같이; 그렇게
3603,원형지대; 둥근 빵; 원형추; 달란트
3604,달란트
3605,모두; 전체; 완전함
3606,모두; 전체
3607,제지하다; 보류하다; 닫다; 가두다
3608,감금; 구금; 구속
3609,길르압
3610,두 종류
3611,개
3612,갈렙
3613,갈렙 에브라다
3614,갈렙 족속
3615,완성(성취)하다; 소모하다; 끝내다; 마치다
3616,약해지는
3617,종결(말); 완전한 멸망; 완전히
3618,신부; 며느리
3619,바구니; 새장
3620,글룹
3621,글루배
3622,글루히
3623,신부의 상태나 조건
3624,튼튼하고 건강한 힘(체력)
3625,갈라
3626,골호세
3627,물품; 용구; 용기; 기구
3628,제한; 감금
3629,콩팥; 신장
3630,기룐
3631,쇠약해짐; 파멸
3632,전부; 전체; 완전한
3633,갈골
3634,완전케 하다; 완성하다
3635,끝마치다; 완성하다
3636,글랄
3637,수치를 당하다; 부끄러워하다
3638,길맛
3639,모욕; 치욕; 수치; 망신
3640,수치; 불명예
3641,갈레
3642,(~을 열망함으로) 수척해지다
3643,김함
3644,~와 같이; ~처럼; ~할 때
3645,그모스
3646,커민
3647,저축(장)하다
3648,따뜻해지다; 뜨거워지다; 불타다
3649,우상 신을 섬기는 제사장
3650,어두움; 암혹
3651,그와 같이; 따라서; 그러므로
3652,이와 같이; 이렇게; 다음과 같이
3653,기초; 위치; 장소; 받침대; 직무(책)
3654,하루살이
3655,칭호(명칭)를 주다; 아첨하는 직함을 주다
3656,간네
3657,뿌리; 줄기
3658,수금
3659,고니야
3660,이렇게; 이와 같이; 따라서
3661,뿌리; 지주; 줄기
3662,그나니
3663,그나냐
3664,모으다; 추적하다; 싸다
3665,낮아지다; 낮추다; 정복하다; 굴복시키다
3666,꾸러미; 보따리
3667,가나안
3668,그나아나
3669,가나안 후손; 가나안 사람들
3670,구석으로 몰리다
3671,날개; 말단; 끝
3672,긴네롯
3673,모이다; 모집하다
3674,한패; 동료
3675,동료; 제휴자
3676,자리; 보좌
3677,만월; 보름
3678,영예의 자리; 보좌
3679,갈대아 사람
3680,덮다; 숨기다; 감추다
3681,덮개
3682,덮은 것; 의복
3683,잘라내다(버리다)
3684,바보; 멍청이; 어리석은 사람
3685,별자리; 오리온
3686,그실
3687,어리석음
3688,어리석다
3689,허리; 어리석음; 신뢰; 소망
3690,어리석음; 신뢰
3691,기슬르(월)
3692,기슬론
3693,그살론
3694,그술롯
3695,가슬루힘
3696,기슬롯 다볼
3697,자르다; 깍다
3698,밀의 일종
3699,계산하다
3700,사모하다; 간절히 바라다; 열망하다
3701,은; 은으로 된 돈
3702,은
3703,가시뱌
3704,띠
3705,이제; 지금; 이때에
3706,이제; 그리고 이제
3707,성나다; 화내다; 분노하다
3708,속상함; 분함; 노여움; 격분; 슬픔
3709,손(발)의 바닥; 우묵한 곳; 권세; 지배
3710,바위
3711,정복하다; 진압하다
3712,나뭇가지; 잎
3713,큰 잔; 서리
3714,대들보
3715,어린 사자
3716,그비라
3717,이중(겹)으로 하다; 이중(겹)으로 접다
3718,두배; 이중; 겹
3719,굶주리다; 갈망하다
3720,굶주림; 기근
3721,(머리를) 숙이다; 허리를 굽히다(절하다); 굴복(종)하다
3722,덮다; 진정시키다; 화해하다; 속죄하다; 역청으로 위에 칠하다
3723,마을; 촌락
3724,몸값; 속전; 마을; 삼실나무; 역청
3725,속죄
3726,그발 암모니
3727,속죄소
3728,내리누르다; 구부리게 하다
3729,묶다; 결박하다
3730,기둥머리; 손잡이; 구조
3731,갑돌
3732,갑도림; 갑돌 사람
3733,안장; 목장; 어린양; 수양; 공성퇴
3734,고르; 건량 1단위
3735,괴로워하다; 고민하다
3736,허리를 띠로 졸라매다; 입다
3737,모자; 터번
3738,파다; 파내다
3739,교역으로 얻다; 매매하다; 잔치를 베풀다
3740,향연; 축제
3741,우물; 수조
3742,그룹
3743,그룹
3744,사자; 전령
3745,선포하다
3746,가리사람
3747,그릿 (시내)
3748,이혼
3749,테두리; 가장자리
3750,샤프란(꽃)
3751,갈그미스
3752,가르가스
3753,낙타; 단봉낙타
3754,포도원
3755,포도원(포도나무)를 돌보다
3756,갈미
3757,갈미
3758,진홍색
3759,농원; 과일
3760,갈멜
3761,갈멜사람
3762,갈멜 여자
3763,그란
3764,보좌; 왕좌
3765,뜯어먹다; 황폐하게 하다
3766,허리를 굽히다; (고개를) 숙이다; 무릎을 꿇다
3767,다리
3768,무명(실); 삼베; 세마포
3769,빙빙 돌다; 춤추다
3770,배; 복부
3771,가르스나
3772,잘라(베어)내다; 베어넘기다; 언약을 자르다(맺다)
3773,들보
3774,그렛 사람
3775,어린 양
3776,어린양(암양)
3777,게셋
3778,갈대아 사람
3779,갈대아인; 갈대아 주민
3780,배불리 먹다; 음식물에 물리다; 윤택해지다
3781,도기
3782,비틀거리다; 넘어지다
3783,비틀거림; 타락
3784,마법(술)을 행하다
3785,마술; 요술
3786,마술사; 요술사
3787,옳다; 성공하다; 번영하다
3788,성공; 기량
3789,글을 쓰다; 기록하다; 명부에 올리다; 등록하다
3790,기록하다; 글씨를 쓰다
3791,기록; 문서
3792,기록; 문서
3793,각인한 기록
3794,깃딤
3795,곱게 빻거나 찧은
3796,벽
3797,벽
3798,기들리스
3799,얼룩지게 되다; 더럽히다
3800,금
3801,긴 옷
3802,어깨; 측면; 편; 비탈
3803,둘러싸다; 에워싸다
3804,왕관
3805,기둥머리
3806,빻다
3807,치다; 빻다; 부수다; 분쇄하다
3808,아니; 아니다
3809,아니; 아니다
3810,로드발
3811,피곤(로)하다; 지치다; 실증하다
3812,레아
3813,덮다; 감싸다
3814,비밀; 은밀
3815,라엘
3816,국민; 백성
3817,르움미 족속
3818,로암미
3819,로루하마
3820,내부 인간; 마음; 정신; 의지
3821,마음
3822,르바옷
3823,마음을 얻다; 용기를 북돋우다; 마음을 빼앗다
3824,내부인간; 마음; 정신; 의지
3825,마음
3826,마음
3827,불꽃
3828,유향
3829,르보나
3830,의복; 의상
3831,의복; 옷
3832,넘어지다; 멸망하다
3833,사자; 암사자
3834,과자
3835,희다; 벽돌을 만들다
3836,흰; 흰색의
3837,라반
3838,르바나
3839,포플러(백양나무)
3840,포석
3841,립나
3842,달
3843,벽돌
3844,레바논
3845,립니
3846,립니의 후손들
3847,옷을 입다
3848,옷을 입다
3849,액량 단위
3850,로드
3851,불꽃; 화염; (무기의) 날; 끝
3852,불꽃; 날; 끝
3853,르하빔
3854,공부; (책에) 전념
3855,라핫
3856,쇠약하다; 미치다
3857,불타다; 화염을 내다; 태우다
3858,불꽃; 마법
3859,게걸스럽게 (탐욕적으로) 삼키다
3860,이 때문에; 그러므로
3861,그러므로; ~외에는
3862,무리; 떼
3863,~면 좋으련만; 내가...바란다
3864,루빔
3865,룻
3866,루딤
3867,결합하다; 빌리다; 빌려주다
3868,떠나다; 비뚤어지다; 정도에서 빗나가다
3869,편도나무
3870,루스
3871,판자; 널판지; 판
3872,루힛
3873,할로헤스
3874,감싸다; 덮어 싸다
3875,덮개; 싸개
3876,롯
3877,로단
3878,레위
3879,레위 사람
3880,화환
3881,레위인
3882,리워야단
3883,나사모양의 사다리
3884,~아니하면; ~하지 않으면
3885,투숙하다; 묵다; 밤을 지내다; 불평하다
3886,삼키다; 먹어치우다
3887,경멸하다
3888,반죽하다
3889,라이스
3890,~와 함께
3891,탈선; 비뚤어짐; 부정직
3892,신선한; 싱싱한; 새로운
3893,기력
3894,음식; 살
3895,턱(뼈); 뺨
3896,레히
3897,핥다; 핥아먹다
3898,싸우다; 전쟁하다; 먹다
3899,음식; 빵
3900,잔치
3901,싸움; 전쟁
3902,라흐미
3903,라맘
3904,첩
3905,압착하다; 압박하다
3906,압박(제); 고통(생)
3907,속삭이다; 수군거리다; 마법(주문)을 걸다
3908,속삭임; 마법을 검; 호신부(부적)
3909,비밀; 신비; 마술(법)
3910,몰약
3911,도마뱀
3912,르두시 족속
3913,날카롭게 하다; 갈다; 뾰족하게 하다; 망치로 치다
3914,화환(관)
3915,밤
3916,밤
3917,올빼미; 여신의 이름
3918,사자
3919,라이사
3920,사로잡다; 붙잡다; 취하다
3921,붙잡음; 포획
3922,레가
3923,라기스
3924,고리
3925,배우다; 가르치다; 훈련(시행)하다
3926,~을 위하며; ~에
3927,르무엘
3928,익숙한; 가르침 받은
3929,라멕
3930,목; 목구멍
3931,조롱하다; 비웃다
3932,조롱하다; 비웃다
3933,조롱; 조소; 조롱(조소)거리
3934,조롱하는; 말 더듬으며 말하는
3935,라아다
3936,라단
3937,알아들을 수 없게 말하다
3938,먹게하다
3939,쓴 쑥
3940,횃불
3941,랍비돗
3942,~앞에; ~전에
3943,뒤틀다; 틀어 잡다; 옆으로 빗나가다
3944,경멸; 조롱
3945,경멸하다; 조롱하다
3946,락굼
3947,취하다
3948,가르침; 교훈; 학식
3949,릭히
3950,줍다; 주워 모으다
3951,이삭줍기
3952,핥다; 핥아먹다
3953,늦은 열매를 수확하다; 모두 다 취하다
3954,후에(두 번째)나는 풀
3955,액; 즙; 액즙이 많은 맛있는 것
3956,혀
3957,방; 침실
3958,호박
3959,레셈
3960,중상하다; 비방하다
3961,언어; 방언
3962,라사
3963,반호멜
3964,무엇; 무슨?; ~하는 (것)
3965,곡물창고
3966,힘; 굉장히; 매우; 대단히
3967,일백
3968,일백; 함메아
3969,일백
3970,욕망; 소원
3971,얼룩; 흠
3972,무엇이든; 아무것도
3973,폐물; 찌꺼기
3974,빛; 발광체
3975,빛 구멍
3976,천칭; 저울
3977,천칭; 저울
3978,음식(물); 양식; 열매
3979,도살용 칼
3980,연료
3981,힘; 세력
3982,말; 명령
3983,말; 명령
3984,옹기; 그릇
3985,거절(거부)하다
3986,거절하는; 거부하는
3987,거절하는; 거부하는
3988,거절하다; 멸시하다; 흐르다
3989,구운 것
3990,어두움; 흑암
3991,깊은 어두움; 흑암
3992,찌르다; 고통을 주다
3993,매복; 매복장소
3994,저주
3995,구별(분리)된 곳
3996,들어감; 입구; 일몰
3997,입구; 들어감
3998,혼동; 혼란
3999,홍수
4000,가르침